ply
format ascii 1.0
element vertex 5000
property float x
property float y
property float z
property float v
end_header
0.707666 1.709218 2.030766 0.375659
2.929172 0.593017 1.915020 0.051537
2.713352 1.234591 0.140895 0.024587
0.937959 1.605222 1.024580 0.472441
1.147945 1.345974 1.420568 0.747103
1.817244 2.471313 1.640578 0.367910
3.011077 0.839575 1.116158 0.050464
1.181410 2.841039 2.385884 0.081787
2.570543 0.590672 2.737154 0.031056
1.199468 2.019854 2.675303 0.181033
1.079276 1.289369 0.716969 0.360321
0.460881 0.058588 2.627778 0.010844
0.394821 1.748666 0.884657 0.159717
1.886807 3.085220 1.636228 0.072121
2.962033 2.112495 1.483829 0.081787
1.890746 2.737312 0.672553 0.105147
2.766878 2.486562 2.602017 0.024069
0.581021 2.742561 0.238939 0.014387
1.620820 0.334951 1.207414 0.173630
2.902178 1.854712 1.491717 0.132340
0.688509 2.490023 1.785550 0.173630
3.012321 0.988252 2.781960 0.015684
2.020492 2.399706 2.713976 0.096704
0.128175 2.968201 0.356196 0.002646
0.611654 0.760206 3.088712 0.017466
0.505036 2.808504 0.145146 0.006507
2.617550 1.650449 1.257367 0.292516
1.814652 1.346473 3.077141 0.072121
2.896305 0.076690 2.288029 0.008897
3.046534 2.539235 1.073224 0.035260
1.618569 0.055936 0.757738 0.062268
3.037960 0.630493 1.779407 0.040877
2.311279 2.164447 0.376175 0.090817
2.744513 3.004564 1.448009 0.027345
2.698360 1.559782 0.464868 0.080091
2.600690 2.812065 3.032528 0.006507
0.107861 1.430666 2.037448 0.088935
1.996437 2.750657 2.228496 0.102970
0.348656 1.366306 2.171015 0.124297
1.184822 2.925979 0.486021 0.041749
0.986304 0.346452 0.911626 0.092739
2.791723 2.685739 0.768380 0.027345
2.151805 1.700750 2.340972 0.352888
2.922119 2.736196 2.752612 0.006962
1.956294 1.376192 0.580207 0.311398
1.300733 1.954991 0.546150 0.242457
0.631948 2.134749 0.226329 0.042638
2.722050 1.294726 2.491311 0.092739
0.274846 0.178775 2.845677 0.005300
2.259553 1.918686 1.240697 0.434660
3.066332 2.143921 1.104939 0.048384
2.317914 0.124805 2.942788 0.008897
1.720545 0.177716 2.530789 0.057250
1.950340 3.061986 1.041692 0.048384
1.665640 2.133951 2.418883 0.338478
1.900614 1.846686 0.518476 0.263553
2.399144 1.847410 3.041515 0.049413
2.243186 3.075055 0.866230 0.033800
2.718322 1.408868 0.544178 0.078430
2.439192 1.428757 0.631732 0.181033
1.397546 1.889302 0.767056 0.482388
2.206559 1.739703 0.360754 0.159717
3.000469 2.831168 1.863433 0.019030
1.054820 1.098091 0.950561 0.482388
0.629875 1.260059 0.449283 0.092739
0.044990 1.164324 2.853782 0.010380
0.658492 2.053079 0.431886 0.087092
0.009265 1.135905 2.109428 0.048384
1.641023 0.179254 2.525675 0.058465
2.975727 0.085895 0.699152 0.005424
0.573763 1.512941 2.900780 0.058465
1.946905 2.973268 1.450836 0.098750
1.916525 2.455371 0.633994 0.135135
2.930657 2.940722 0.967159 0.016026
0.673099 1.552185 1.779880 0.443813
0.280731 2.488330 2.467558 0.029767
0.164218 0.634515 0.869658 0.037568
2.134738 0.917091 2.396340 0.223046
3.089760 0.875056 2.123463 0.038370
2.554681 0.518958 2.043069 0.081787
2.471929 1.848643 1.684306 0.360321
1.699952 2.742700 0.353577 0.062268
2.246871 0.232747 1.605696 0.096704
2.103923 1.288886 0.277595 0.135135
0.840796 1.277155 0.195860 0.078430
1.338355 2.235068 1.848909 0.569877
2.484593 1.802100 0.281962 0.072121
1.225882 1.782373 2.129522 0.606627
2.636264 2.908034 1.506813 0.047376
2.621461 2.532744 2.495293 0.048384
2.909491 2.101015 2.783727 0.021178
0.878375 0.798616 2.077932 0.263553
1.707431 2.328193 1.709359 0.535351
2.374347 1.003652 2.507941 0.135135
0.968662 2.037710 2.424319 0.280568
0.739071 1.072931 2.367197 0.181033
1.564787 0.715919 1.399604 0.462699
3.033042 0.123884 1.561004 0.012095
1.226494 2.997032 0.866180 0.063589
3.075809 0.089558 0.653915 0.003820
0.867919 2.360754 1.618728 0.304972
1.580982 1.238158 0.191136 0.132340
0.716007 1.149852 0.227519 0.057250
2.550128 1.491427 1.194240 0.280568
2.888864 1.711829 0.520752 0.046388
0.735993 0.062963 1.066740 0.042638
1.364788 2.928830 1.762632 0.137989
2.995640 2.171964 0.777186 0.040024
2.145724 0.011668 0.918544 0.038370
2.716876 0.637855 2.735468 0.024587
1.501135 2.533296 1.355415 0.383571
0.932311 0.749255 2.611405 0.096704
2.354526 2.212836 0.005321 0.024587
0.992776 2.940617 2.351253 0.051537
0.961726 0.462684 1.556982 0.232549
2.056225 0.078433 2.095605 0.059707
2.578639 1.090318 0.453526 0.081787
2.272865 0.443626 2.139811 0.102970
3.048035 0.618517 1.920441 0.038370
1.004308 2.224081 0.076754 0.052632
2.007724 0.215882 1.118187 0.098750
2.662175 3.040929 1.502730 0.027931
2.212640 0.723660 0.903596 0.196797
1.844314 2.039046 1.223121 0.673214
1.851359 2.571412 0.990846 0.205185
2.404758 2.361451 2.225131 0.143877
0.986078 2.057712 0.288257 0.105147
3.047953 0.775770 0.216240 0.008897
1.248255 1.871794 2.820105 0.153182
1.490233 0.248324 0.417008 0.037568
0.971124 0.160095 3.051903 0.008511
2.103413 0.041593 0.888345 0.038370
0.291819 2.208808 0.636055 0.049413
1.624997 0.267977 1.116754 0.159717
0.765958 2.545035 0.201233 0.032399
2.174152 0.232238 0.246592 0.014079
2.541141 0.345236 0.602747 0.029767
1.689561 0.065502 0.895475 0.070624
2.083037 0.321018 2.863119 0.021178
0.129558 1.122130 0.457883 0.028530
0.843037 1.234230 2.981920 0.054893
2.484995 2.982329 1.082323 0.035260
2.648532 2.737537 1.271004 0.075210
1.307729 2.759151 0.858945 0.119206
1.941082 2.890940 1.297593 0.124297
1.063153 2.309991 2.394045 0.213930
0.735729 0.816662 0.914609 0.170042
0.895616 2.859062 1.582919 0.096704
1.073581 3.088535 0.691682 0.031056
2.356197 1.302505 2.988824 0.049413
0.422860 1.184410 1.541755 0.223046
3.038964 2.173744 2.467589 0.027931
1.373178 1.788026 1.063087 0.747103
1.478197 1.890288 0.542691 0.280568
0.742526 0.333929 0.588532 0.036013
2.069081 2.367533 1.361319 0.338478
1.937324 3.094231 3.007717 0.007615
0.987798 2.683941 2.258727 0.102970
2.293229 2.079363 2.228903 0.263553
0.326818 0.557610 1.794375 0.072121
2.019050 1.674266 2.217599 0.513502
2.209802 0.647880 1.843041 0.237451
3.092257 2.675562 3.061268 0.001158
1.048168 2.832766 1.061803 0.116740
1.231740 2.462719 0.079553 0.038370
0.286004 0.739779 0.424742 0.023065
2.165844 0.291998 0.522137 0.040024
2.585099 1.605749 1.818123 0.298680
0.252484 1.487803 0.450402 0.062268
0.435870 1.891585 1.635091 0.223046
1.849623 1.109792 1.541864 0.762826
1.583789 1.704618 0.305275 0.192732
1.636948 0.476839 0.528354 0.100838
2.458763 0.841675 2.193134 0.140902
2.110702 0.241745 1.164862 0.096704
1.658452 2.616655 1.747860 0.304972
0.043818 0.101450 2.221888 0.005424
1.490650 2.270792 2.775243 0.109640
1.837154 2.930577 2.257045 0.078430
0.141506 0.007027 1.227056 0.007615
2.511733 1.375897 0.373709 0.096704
1.656695 0.264315 0.214390 0.028530
2.343363 2.363672 1.338868 0.247567
2.252700 0.181059 2.560900 0.026207
2.055441 1.629565 0.385346 0.184852
1.778172 2.202556 0.754627 0.338478
1.932641 2.367882 0.752540 0.232549
2.318527 0.692449 2.032982 0.213930
0.744273 1.717727 0.296117 0.090817
0.554037 0.270681 0.237213 0.011084
2.601037 0.654426 1.150637 0.132340
1.408209 1.444559 0.152577 0.143877
0.139352 1.951192 1.284792 0.085287
2.566974 2.662432 1.550837 0.080091
0.543380 0.158813 0.649259 0.018232
2.265709 2.310615 2.330566 0.173630
1.930436 0.973409 0.544811 0.205185
2.904425 0.200395 2.978540 0.001990
2.696715 1.142147 2.168317 0.132340
1.992075 1.496739 1.691055 0.795272
1.519624 2.747014 1.210239 0.223046
1.794010 1.607137 3.099078 0.076803
0.925268 1.001298 2.436185 0.223046
1.304776 1.325650 1.068835 0.716622
1.049928 0.172986 1.519668 0.109640
1.654564 1.008508 1.221803 0.632433
1.478480 1.290996 0.480537 0.298680
2.208086 2.533230 2.420509 0.119206
2.047518 2.358376 0.993269 0.280568
3.061222 0.570078 0.656760 0.014701
1.556101 3.047716 2.935399 0.016375
1.192749 2.910266 2.772599 0.025656
0.140069 0.098435 0.485673 0.003470
0.100189 2.251213 3.081592 0.004613
0.084518 1.452204 1.076107 0.090817
1.480187 2.940160 0.541328 0.047376
0.191677 1.611795 1.197064 0.132340
0.914132 2.891759 1.817168 0.090817
0.538824 0.246083 1.003060 0.034522
2.511287 0.709787 3.031149 0.020292
2.760243 1.574563 1.362173 0.192732
1.669625 2.346790 1.197185 0.482388
1.647078 2.607385 0.802895 0.177293
1.032471 1.685997 0.302559 0.140902
1.070022 1.227864 0.579227 0.280568
1.714845 0.430019 1.647752 0.247567
2.587952 2.332280 0.540665 0.056059
2.619598 0.771157 1.696890 0.173630
1.593669 1.600285 2.606373 0.317958
1.662932 0.203641 2.817138 0.028530
1.011902 0.156483 3.069159 0.008511
0.828992 1.235750 0.398220 0.124297
1.550400 0.054519 0.252850 0.021635
1.078293 1.790905 2.408072 0.360321
0.476353 1.544386 1.235329 0.280568
0.630358 2.841761 0.810173 0.042638
1.312235 1.572766 1.279554 0.882546
1.502922 0.190479 2.993226 0.016375
2.862227 1.203652 1.225995 0.116740
0.835916 3.095089 3.044472 0.004613
3.093226 1.211298 0.422337 0.017845
2.507486 2.612435 1.005386 0.090817
1.965592 1.165976 2.103560 0.524313
1.341873 1.342028 0.173640 0.132340
2.492089 2.909891 1.190101 0.051537
1.459595 2.164010 0.661942 0.304972
2.957554 1.905561 0.748945 0.046388
1.194663 0.700776 0.490064 0.132340
0.800510 0.668943 2.148014 0.192732
1.121452 0.479136 2.756512 0.050464
0.272497 2.919685 0.867413 0.018627
2.133323 0.782541 2.880676 0.060974
1.122084 0.960269 0.667670 0.280568
0.829391 0.168170 1.796256 0.078430
0.690768 1.520498 0.573263 0.184852
2.760156 0.583019 1.243252 0.067722
2.069217 2.961681 0.299208 0.015684
1.550305 1.695351 0.817909 0.546621
1.666780 0.848247 2.369933 0.258113
0.509188 0.405026 2.029025 0.064938
1.621128 0.871285 1.395863 0.632433
1.172395 0.208913 0.925998 0.085287
2.088936 0.876457 0.575323 0.184852
1.863191 2.436830 0.492777 0.132340
2.328797 2.728123 0.124439 0.015350
2.912986 1.401583 0.267437 0.028530
3.060352 3.057863 0.357325 0.001158
1.632514 0.677112 0.936751 0.304972
2.278403 1.077352 2.141598 0.331495
1.730854 1.845722 0.888642 0.594121
3.033214 0.611001 2.451883 0.016731
0.729084 2.129676 1.628084 0.345608
2.605396 0.372838 0.422203 0.019863
2.807788 0.846576 1.531455 0.109640
3.093875 2.711967 2.019308 0.016375
2.154220 1.465039 0.251568 0.126922
1.971481 0.514555 1.740498 0.252785
1.058673 0.859029 0.443362 0.132340
2.384833 0.463426 1.284200 0.140902
2.568134 2.535133 2.106701 0.090817
2.856670 1.118694 1.549564 0.121725
0.789704 2.963046 0.695054 0.029142
0.473880 1.478211 0.235980 0.047376
0.156381 2.612255 0.143359 0.004832
2.879442 2.704467 0.366190 0.009096
1.255845 2.274807 0.412903 0.132340
2.395365 1.797505 0.386301 0.111958
0.570093 1.132600 1.962485 0.258113
2.252759 0.946993 1.127813 0.292516
0.490775 2.136535 1.134044 0.188751
2.205362 1.721641 0.816466 0.352888
2.276315 1.967906 2.711373 0.114324
1.787401 0.432047 1.448538 0.232549
1.149151 1.948844 0.393577 0.181033
0.598208 1.255512 1.376754 0.360321
1.518177 0.618124 0.743075 0.184852
0.878398 0.775332 0.805992 0.200948
1.998206 0.718556 1.211810 0.338478
0.263997 0.446866 0.799235 0.027345
2.865001 2.751791 1.653724 0.028530
1.135101 2.053092 1.483546 0.594121
1.306535 0.275870 1.548249 0.184852
2.353992 1.385595 0.341433 0.090817
1.662330 1.162479 0.272961 0.170042
2.532030 1.280451 1.985414 0.298680
1.229049 0.826779 1.782441 0.462699
2.412512 0.279612 0.562857 0.036013
2.246643 1.112728 0.739738 0.247567
2.821626 0.544694 1.112805 0.050464
0.610995 0.150237 0.981495 0.042638
0.417261 1.127118 2.197408 0.132340
2.166789 1.492700 1.383632 0.632433
0.433611 1.719693 0.750207 0.137989
1.821028 1.104996 2.973838 0.085287
2.544288 2.981014 2.936170 0.006080
2.065380 1.205982 1.674172 0.632433
0.445431 0.397373 0.628717 0.024587
2.957565 0.739784 0.699162 0.024587
0.717247 0.169158 2.122578 0.051537
1.049630 1.306857 0.601202 0.269107
2.311935 2.065659 0.386129 0.102970
0.066884 2.733591 2.958727 0.002646
1.725438 0.205209 1.609550 0.146915
1.605992 0.437333 1.073451 0.205185
2.325953 2.828731 1.899324 0.096704
2.763735 2.494655 0.834215 0.042638
1.442684 1.010477 0.868158 0.462699
2.708678 0.629827 1.514791 0.098750
2.353799 1.774333 1.573698 0.443813
2.248739 0.569464 2.518314 0.098750
0.556675 2.503634 1.165132 0.135135
2.954613 0.030123 1.025339 0.006219
2.714818 0.781683 1.373613 0.137989
2.459170 2.299397 0.377343 0.054893
2.129038 3.064669 0.375451 0.014701
0.392358 2.684790 0.761564 0.035260
2.424753 1.698037 1.197171 0.408318
2.699208 2.140059 1.017876 0.135135
0.738885 1.101800 1.608894 0.383571
2.828986 2.668119 2.600660 0.015350
0.573948 1.983241 2.769889 0.062268
1.970619 1.553188 1.503854 0.812008
1.652710 0.680483 0.053030 0.051537
0.236301 2.727399 0.515083 0.011579
2.382915 1.086678 0.007519 0.031056
0.480276 2.800542 1.971131 0.050464
2.343911 0.454271 1.069362 0.143877
1.179624 1.017759 1.650044 0.632433
2.822151 2.502918 0.060085 0.008142
1.313142 3.032582 0.190193 0.015350
0.939874 2.014650 2.433708 0.247567
0.641265 1.222109 0.310253 0.067722
0.909643 1.539578 2.550015 0.205185
0.294753 2.381565 2.827310 0.017845
0.691049 1.776986 1.753407 0.416917
2.330173 1.909738 0.689392 0.232549
1.852340 0.419976 0.906028 0.143877
2.979112 2.435873 2.056584 0.038370
0.891618 0.888280 1.930300 0.367910
1.796247 2.756537 2.090254 0.135135
1.495949 0.119226 1.314751 0.105147
0.746357 1.011584 1.380811 0.338478
0.180549 0.988636 2.276636 0.060974
1.981957 0.891565 2.807934 0.102970
2.807763 0.799836 0.499116 0.034522
1.315707 2.253808 0.158769 0.078430
1.571968 2.136180 2.955575 0.081787
2.555984 0.363065 0.120583 0.008511
0.392521 0.342043 1.583403 0.049413
0.114000 2.296479 1.652150 0.060974
2.318256 0.822820 1.610721 0.311398
2.260773 1.840615 0.563845 0.205185
1.735328 0.315524 1.875320 0.170042
0.760574 0.430604 1.374034 0.137989
1.900109 2.681650 2.760290 0.043547
1.103780 2.404170 0.425322 0.096704
1.078827 1.929963 0.688013 0.338478
0.320142 1.129615 3.099523 0.012633
1.670448 0.897961 2.213028 0.408318
0.984574 1.061268 0.905410 0.383571
2.637029 2.152672 1.646879 0.205185
0.371132 2.821921 0.985808 0.036013
1.656710 0.508768 0.040080 0.025116
2.256696 1.171041 0.548189 0.156416
0.508915 2.727094 2.593428 0.025116
1.487809 0.691281 1.590931 0.472441
0.084012 2.374906 2.576002 0.016375
1.386449 0.251023 2.515194 0.075210
1.115349 1.032146 0.322205 0.116740
2.638445 2.686630 1.034396 0.058465
1.512222 0.596566 1.311290 0.367910
2.258744 3.090537 0.374824 0.011084
0.075873 2.804793 1.257193 0.020292
0.744299 0.377042 0.041933 0.009299
2.410775 1.082627 1.514171 0.383571
1.577142 2.819702 1.761375 0.184852
2.860170 0.862884 1.664060 0.094701
2.817373 0.090013 2.607937 0.006507
2.362101 2.514030 1.375517 0.181033
0.268225 0.290476 0.784903 0.021178
2.278676 0.203353 0.880224 0.053751
2.802353 2.825291 0.308176 0.007120
2.821776 1.749278 1.474090 0.192732
2.267186 0.607789 2.918760 0.032399
0.464424 1.019715 0.437495 0.058465
0.335698 1.747501 1.063246 0.156416
0.088249 1.413479 1.191095 0.096704
1.137659 2.257358 1.614534 0.453158
2.742400 2.961594 1.876399 0.024587
1.333237 0.187724 2.465644 0.054893
1.286529 2.778866 1.297368 0.173630
2.994535 0.722299 0.269359 0.009934
1.215237 0.575509 1.305149 0.324656
0.061154 1.065217 2.733765 0.022579
0.790679 0.808300 0.792073 0.173630
2.259393 2.116571 1.308656 0.383571
2.833358 0.439211 1.775823 0.046388
2.146300 0.016369 1.561015 0.059707
1.553043 2.518985 1.873535 0.345608
1.333149 3.000478 1.277169 0.098750
1.326484 2.602288 1.494426 0.298680
2.422074 2.514994 0.292515 0.036013
0.870654 2.682731 1.068593 0.132340
0.351274 0.766358 2.670020 0.035260
1.841254 2.893869 1.332667 0.132340
1.456456 2.896674 1.758889 0.140902
2.977325 2.384854 0.936172 0.033800
2.894793 1.739007 1.568829 0.146915
2.137289 2.641624 0.552791 0.090817
1.007632 2.852310 1.603484 0.109640
2.262162 0.001655 2.270902 0.025116
2.446241 2.433288 0.270523 0.043547
0.865046 0.677279 2.143772 0.223046
1.132053 2.211410 0.464117 0.166529
1.984051 1.570364 0.729079 0.383571
2.495013 1.279550 0.627488 0.143877
0.165004 1.289416 1.575454 0.140902
2.412512 2.886752 2.088253 0.051537
1.497450 1.957762 1.027103 0.594121
2.855932 2.764014 1.331696 0.027345
0.880949 1.390723 2.314049 0.352888
0.895399 3.060885 0.376576 0.012910
2.352137 0.375468 1.311629 0.111958
0.340319 0.357632 1.578426 0.049413
0.580388 0.795069 1.691260 0.213930
0.274984 1.833654 2.995549 0.020292
1.178338 1.904111 2.772162 0.153182
2.003849 2.478015 1.849934 0.298680
1.960746 1.265816 1.071878 0.619396
0.813791 1.491246 0.032123 0.045421
2.162367 1.461662 2.425346 0.304972
1.244516 0.004654 1.476178 0.072121
0.401429 2.428651 1.938015 0.105147
1.336788 1.947832 3.012385 0.092739
1.019497 1.253317 0.412934 0.173630
3.071167 2.065725 1.795390 0.056059
0.428837 0.216723 1.077404 0.030404
0.426368 1.241637 2.088320 0.163087
3.022077 0.122900 0.899984 0.007615
1.966931 0.277269 0.963829 0.116740
1.458628 2.590981 1.931170 0.280568
1.859182 0.182479 1.673246 0.129603
0.022757 1.498095 2.019072 0.066315
1.485335 2.651988 0.690970 0.119206
2.548206 0.633023 1.611038 0.153182
2.962079 0.193265 2.134560 0.011834
1.920316 1.092224 1.097707 0.581873
1.600372 0.318388 2.717354 0.049413
1.011323 1.454964 2.579481 0.232549
0.156071 1.309527 3.018683 0.015350
2.457747 2.871326 0.466305 0.018232
1.115635 1.194151 1.106122 0.581873
2.217271 1.083585 2.662649 0.132340
2.623028 3.026877 2.433368 0.016375
1.131028 2.334130 0.415644 0.114324
1.920333 2.118825 0.309237 0.126922
0.855258 0.547547 2.007011 0.166529
0.163280 1.651436 1.792516 0.137989
0.726988 0.212918 0.651654 0.033092
1.930321 0.891518 3.030214 0.063589
2.733660 0.354909 2.156515 0.040877
1.345560 1.365828 0.142885 0.102970
2.628422 1.033446 2.525445 0.090817
0.731154 1.023120 2.223682 0.223046
3.068020 1.611209 0.947561 0.052632
1.445089 1.320037 1.760532 0.864357
2.992850 2.178999 0.571220 0.027931
2.678428 0.246161 0.971457 0.027345
2.042611 0.893376 0.688587 0.247567
1.264465 2.078310 2.799886 0.135135
0.537629 1.637190 2.531399 0.124297
2.929491 0.102713 2.600085 0.004832
2.659332 2.375497 1.219496 0.105147
2.663163 1.972144 2.989075 0.022579
1.766730 2.325444 1.099032 0.425696
1.092300 2.847387 0.428002 0.040024
0.479344 2.944714 2.952278 0.004832
1.674700 1.819051 0.008478 0.075210
2.347136 1.842894 0.085768 0.058465
1.703644 1.136779 1.202691 0.701850
0.126458 2.078772 2.574168 0.025656
2.776972 0.173256 2.860616 0.003912
2.530212 2.736307 2.791605 0.019030
2.296784 1.658045 0.021899 0.044474
0.280176 2.531597 0.436022 0.019030
2.654531 1.572173 1.728409 0.247567
1.622989 2.975654 0.018860 0.008702
2.824482 1.596410 0.076918 0.021635
2.132109 0.545216 0.770457 0.129603
0.237477 2.545454 2.537104 0.022579
0.800158 1.181922 2.644137 0.156416
0.446625 1.522476 1.886377 0.223046
1.114526 1.312860 2.291115 0.425696
2.108025 2.886073 0.286255 0.021178
2.531513 0.731405 2.521263 0.072121
0.837282 1.509573 3.022898 0.062268
3.032387 2.945336 0.030216 0.000836
2.190570 2.038058 2.309528 0.292516
0.799908 1.216514 0.515240 0.156416
2.762818 1.716669 0.066352 0.021178
1.323258 0.054629 2.432257 0.049413
2.808646 2.648100 2.468956 0.024069
2.492634 0.892214 2.689710 0.063589
2.966793 0.234133 3.044741 0.001346
0.408324 0.467496 1.578441 0.080091
2.806235 0.877365 0.404726 0.031720
3.081224 2.092426 1.448288 0.058465
0.974571 0.655844 1.453137 0.345608
1.940536 0.671108 0.691276 0.196797
2.432998 0.681325 0.204292 0.033092
1.721244 2.898571 2.550457 0.046388
1.658363 1.300072 2.590452 0.292516
2.931879 1.327346 0.634324 0.054893
0.391565 2.544267 1.125588 0.080091
0.285425 1.721122 0.498954 0.060974
3.069800 0.390154 1.406667 0.019863
1.777704 1.183393 2.325189 0.462699
1.334691 2.643856 1.575544 0.298680
1.942240 0.060310 3.021017 0.010610
2.050709 1.395654 1.043725 0.524313
0.908391 0.855721 1.188317 0.367910
3.083263 0.865317 2.055539 0.038370
0.770097 2.567638 1.870344 0.156416
0.871919 2.291663 2.411067 0.170042
1.276233 0.183866 1.652586 0.137989
2.478200 2.973290 0.186260 0.006080
2.496540 0.469366 2.555291 0.039188
1.226433 1.329545 2.361158 0.391649
1.746769 0.973723 2.752990 0.140902
1.870649 0.211696 1.894271 0.116740
0.307554 1.787011 0.111029 0.020292
0.416708 1.794665 2.312115 0.132340
2.401963 2.530590 2.450437 0.072121
1.012911 1.230935 2.757553 0.126922
2.434405 2.776057 0.592596 0.036013
0.552555 2.024699 0.856135 0.205185
1.426342 1.280314 1.026863 0.673214
2.317806 0.114009 0.895329 0.040024
1.138985 0.726062 1.466205 0.383571
1.472127 1.305302 0.189121 0.140902
2.872294 1.442125 2.913158 0.021635
1.429377 2.890190 1.464648 0.146915
0.210906 1.399220 1.722533 0.143877
2.916930 1.908106 1.069545 0.107370
0.077121 0.548929 2.080686 0.025656
0.826735 1.971068 0.082653 0.050464
2.637622 0.150886 2.205448 0.030404
1.121670 1.907192 2.542401 0.280568
0.063299 3.021177 2.303622 0.006507
2.205159 2.587781 2.596257 0.064938
1.356272 1.527508 0.189900 0.146915
2.689261 2.030210 1.088683 0.166529
2.727550 0.536252 1.412105 0.078430
0.894257 2.217145 2.031447 0.338478
1.949039 0.504867 0.137622 0.031056
1.510803 3.037098 1.215697 0.098750
2.963814 2.488554 1.128895 0.035260
0.690989 2.441671 2.341273 0.124297
0.635682 1.009758 1.703790 0.280568
1.439311 0.047943 2.175947 0.051537
2.691760 0.360035 0.982994 0.046388
0.296509 2.818608 3.035852 0.003820
1.738587 1.478866 0.651712 0.462699
1.155616 1.566698 2.711845 0.223046
1.603339 0.816349 1.217609 0.492545
2.256628 0.403166 2.918528 0.020731
2.106918 2.204161 2.173062 0.304972
2.707052 0.536205 0.601580 0.031056
0.813011 0.892050 0.988236 0.263553
0.839605 2.945118 0.199364 0.012095
0.540115 1.201096 2.374371 0.132340
1.296094 2.747685 0.376078 0.059707
1.986958 2.523189 0.578174 0.124297
0.747070 0.650500 1.846759 0.209512
2.629245 2.279184 0.988480 0.129603
0.987125 0.418849 2.719259 0.046388
0.157684 1.826449 1.180836 0.124297
0.773175 2.085417 1.376421 0.399897
2.999970 2.162177 1.048697 0.052632
3.022051 2.220377 2.864769 0.010380
1.938546 3.008569 3.016289 0.010610
1.622628 1.038962 0.398587 0.184852
2.979796 1.571925 1.548668 0.111958
1.850055 2.750235 0.196120 0.025656
3.092151 0.926235 2.264898 0.029142
2.799737 0.043150 2.984161 0.001269
0.654427 2.333970 1.106985 0.213930
0.855624 2.748481 0.843798 0.090817
2.969825 2.045480 1.563550 0.090817
2.926271 2.505873 1.652142 0.057250
2.496433 1.237085 0.944158 0.223046
0.327496 1.290900 1.800318 0.173630
1.715118 1.160974 0.170264 0.129603
0.445860 1.794263 2.884854 0.035260
0.398692 2.041935 0.368844 0.051537
1.287448 0.114690 1.391721 0.102970
2.379275 1.167162 2.927873 0.062268
2.916422 0.235497 2.037004 0.017845
1.783266 0.611890 0.117978 0.040877
0.564402 1.635512 2.271736 0.218440
2.656618 1.599710 2.414799 0.119206
1.752236 1.608262 2.840676 0.184852
2.057295 1.980978 1.881180 0.524313
2.739055 1.723357 0.483264 0.078430
2.752454 1.257402 0.557572 0.072121
0.957867 2.516179 2.649557 0.090817
1.750337 0.173308 0.428335 0.035260
1.679169 0.762069 0.992291 0.399897
1.839732 0.161822 0.956304 0.102970
1.056581 2.823109 1.918887 0.140902
0.507286 0.418122 1.914342 0.070624
0.800618 1.995375 0.101896 0.050464
2.187249 2.895763 1.788340 0.090817
0.816567 2.552240 2.262241 0.098750
2.533613 0.841050 1.883310 0.192732
2.025941 0.712955 0.494673 0.121725
2.040217 1.618250 0.446723 0.205185
1.389161 0.011327 2.677029 0.019863
0.234993 2.810335 1.581863 0.029142
0.990476 0.436818 0.148819 0.020292
1.206152 0.823671 1.299636 0.462699
2.016274 2.899120 0.056872 0.013193
2.931377 0.629261 2.336448 0.032399
0.558881 0.107108 2.973557 0.004402
1.220167 0.970158 1.575001 0.645745
1.080786 1.289628 1.839949 0.716622
0.706270 0.170034 0.338430 0.013482
1.505597 0.223545 1.426604 0.146915
2.073273 0.748386 3.049257 0.038370
2.027404 2.295120 0.129102 0.050464
0.859675 1.986360 0.508860 0.166529
2.849981 0.383734 2.191933 0.031720
0.018653 2.454976 0.807334 0.017466
0.904242 2.452857 2.509544 0.098750
2.959608 0.103628 0.716930 0.005424
0.989988 2.492266 1.383408 0.280568
0.394079 2.915756 2.911669 0.005180
2.862827 2.040345 1.418338 0.119206
0.125904 0.841323 1.813773 0.058465
0.837542 0.094763 1.397043 0.060974
0.455163 0.095677 0.465422 0.010844
0.998691 0.976065 1.014024 0.391649
2.935321 2.665205 1.966461 0.030404
0.871984 2.727999 2.802970 0.031720
0.442636 2.365293 1.442234 0.116740
2.219367 0.914222 1.093587 0.338478
1.922820 0.514745 2.949986 0.041749
0.495186 0.669395 2.905096 0.022102
1.635626 2.076473 1.478040 0.731704
1.277002 1.961986 1.236824 0.673214
2.403132 2.982003 0.900798 0.033800
0.213384 2.813892 2.992920 0.002782
2.739922 1.150288 0.226091 0.033092
1.571187 0.798802 2.137923 0.408318
2.677047 1.199869 2.555178 0.070624
0.062241 3.023553 2.485943 0.004402
0.257542 2.914541 0.660258 0.013482
0.501288 2.448227 0.171783 0.022102
1.808043 2.997159 0.614598 0.040877
1.945614 1.213328 1.994536 0.632433
1.870731 1.571653 0.070387 0.098750
2.795772 1.484812 3.025540 0.021635
2.661847 1.677895 0.675997 0.116740
1.279395 2.687667 1.577146 0.237451
1.488921 0.608666 2.567507 0.124297
2.502124 1.180926 2.111148 0.252785
2.538620 1.380747 1.560810 0.383571
1.500564 0.288138 1.250083 0.184852
1.163832 0.734147 0.020145 0.033800
1.732021 2.472266 1.647749 0.383571
1.276775 2.709951 0.906488 0.153182
2.980983 2.748003 0.309622 0.005062
2.076494 2.865090 1.331095 0.102970
0.004335 2.818887 1.823140 0.014701
0.737323 1.744045 0.932745 0.298680
2.823807 2.440577 1.896831 0.081787
2.550926 2.026928 2.616188 0.081787
0.359408 0.538395 2.743270 0.019863
2.146288 0.856728 0.013631 0.038370
1.887619 1.999103 1.848714 0.673214
0.964526 1.969738 0.976831 0.434660
1.282027 0.831261 0.786246 0.292516
0.840825 0.737288 2.595154 0.083519
0.287690 1.914595 0.746394 0.081787
1.513121 0.358375 2.635211 0.080091
2.438386 2.043544 0.388410 0.096704
2.761302 3.013911 0.412274 0.005062
0.330151 0.293204 2.719957 0.009299
1.867877 2.760404 0.891858 0.111958
0.328623 2.350467 0.184047 0.013482
1.968201 0.952348 1.916323 0.524313
0.030321 0.168609 2.576935 0.003387
0.327654 1.258702 1.568688 0.184852
0.052924 0.248439 0.248459 0.001990
2.777444 1.670089 0.347804 0.037568
2.711004 2.090682 2.819835 0.036013
0.826305 0.534659 0.540761 0.056059
0.555707 1.829031 0.751568 0.205185
2.210919 0.733404 0.516316 0.096704
0.560057 0.324309 0.625242 0.029767
2.525131 0.624898 2.740908 0.038370
3.080888 1.805676 1.611618 0.076803
2.481345 0.647637 1.154327 0.135135
0.716318 0.617951 2.252162 0.102970
1.434544 1.061619 1.054490 0.645745
1.003576 1.692360 1.585994 0.716622
0.788707 1.036948 0.013833 0.033092
2.333709 1.907915 1.459969 0.492545
2.465545 1.643615 0.896935 0.252785
0.500731 2.920334 2.633306 0.014701
2.059679 1.972543 1.961754 0.482388
2.764868 1.843152 1.574576 0.184852
0.856626 2.607025 0.827339 0.114324
1.254529 0.369509 0.948111 0.153182
0.321743 1.516025 1.137359 0.159717
2.676640 2.834653 2.219127 0.031720
2.338097 2.121621 0.178261 0.060974
0.522450 1.893543 1.890540 0.247567
1.674851 0.236708 2.833118 0.028530
2.865866 1.945958 1.848836 0.124297
1.877044 1.955560 1.780990 0.673214
0.800151 0.730453 2.454122 0.102970
0.142144 0.009613 2.516465 0.003072
0.742577 1.559941 2.081993 0.345608
2.812181 2.258153 2.931406 0.016026
0.743507 0.543152 2.104751 0.109640
1.830576 0.808452 1.280087 0.492545
0.548587 2.764429 1.246025 0.054893
1.890813 0.437064 2.138908 0.163087
1.284412 1.484543 1.368745 0.920080
2.938575 0.705770 1.554213 0.070624
2.774915 2.753356 3.044841 0.003820
2.738381 2.132942 2.421445 0.087092
0.273984 2.161064 2.976121 0.013778
0.475963 2.292978 1.491299 0.177293
0.239764 0.206703 2.186800 0.014079
2.270695 1.686327 1.579957 0.546621
0.559655 2.541933 0.982297 0.111958
0.880189 1.250752 0.579356 0.237451
2.027957 1.908569 0.784052 0.399897
0.117049 1.845379 1.150230 0.092739
2.471602 2.399940 3.000076 0.020292
1.277945 2.269645 2.150750 0.338478
0.814682 2.538823 1.532354 0.218440
2.424492 0.200972 1.042548 0.051537
0.245944 2.862073 0.992401 0.016026
2.137286 0.752430 2.333685 0.227748
2.454462 2.485794 2.810997 0.029767
1.137850 2.021074 3.086188 0.053751
2.858145 2.245840 2.669622 0.024069
1.000293 1.046906 2.507219 0.209512
0.679849 0.579104 0.091693 0.020292
1.109602 1.312378 0.557919 0.298680
1.237024 1.764852 2.461357 0.324656
1.276579 2.735573 2.338256 0.132340
2.620022 2.518329 1.595159 0.124297
0.453491 2.975875 1.417357 0.034522
2.306257 0.923348 0.985413 0.263553
1.668344 0.594621 1.885722 0.338478
1.833885 1.174939 0.453864 0.263553
1.929463 2.781031 2.151180 0.111958
0.679630 0.089591 0.214386 0.007447
1.753854 0.583107 0.830377 0.205185
0.386389 0.768920 0.662482 0.066315
0.759849 2.699983 2.292397 0.078430
0.570482 0.988734 0.054484 0.031720
0.461958 1.691725 0.902120 0.200948
2.217190 1.874546 2.141757 0.416917
1.314919 2.854264 2.233371 0.090817
3.074758 0.855849 2.947930 0.007447
1.269664 2.196704 1.499493 0.606627
2.086462 2.204795 2.329488 0.263553
2.894549 1.132005 1.392149 0.119206
1.973051 0.108685 1.224442 0.080091
1.059027 1.153219 2.766364 0.140902
0.032598 1.111268 0.588796 0.025656
0.269108 1.027363 2.266168 0.080091
0.749744 2.413837 0.721701 0.105147
1.915924 0.622505 1.512576 0.345608
1.105362 2.289036 1.121233 0.367910
1.689755 2.722131 1.347767 0.232549
0.909762 0.088889 1.848608 0.067722
1.803875 1.213489 0.188202 0.124297
1.546782 1.293756 0.785598 0.524313
2.011380 0.564756 0.052810 0.035260
1.843810 2.360283 1.799051 0.416917
1.170357 0.492447 2.617812 0.088935
1.537665 0.419997 0.679485 0.119206
1.037013 1.633273 1.424088 0.716622
0.918593 0.713369 1.153136 0.269107
0.409174 0.840983 1.919483 0.124297
1.907652 0.439122 2.959734 0.024587
0.994250 1.493292 0.688059 0.345608
1.924785 2.224500 2.144494 0.416917
2.209030 2.302116 2.707829 0.090817
0.684164 1.283003 1.394304 0.434660
0.493684 1.918331 1.155575 0.247567
1.456894 0.851187 0.876092 0.416917
2.035181 1.547353 2.995405 0.090817
1.548705 2.351866 1.958514 0.383571
0.276730 0.313776 0.753104 0.021178
2.624184 1.984579 1.658054 0.252785
3.038091 2.986585 1.712736 0.011834
2.339240 2.229354 0.100445 0.040024
1.803382 0.696244 3.065194 0.036013
1.763308 0.144777 2.348529 0.058465
2.374225 1.478491 2.720680 0.119206
0.862375 2.391945 2.509993 0.119206
1.596264 1.392906 1.905862 0.864357
2.944224 0.567698 1.351697 0.057250
1.142501 0.379937 3.024668 0.022579
0.403645 2.254765 2.276796 0.078430
2.321398 0.268429 2.438541 0.051537
2.114366 0.735487 0.970522 0.252785
2.807203 1.298491 0.198209 0.027345
1.343502 0.322854 0.858362 0.119206
0.570487 0.385830 0.596387 0.038370
2.253933 2.694953 2.663428 0.035260
2.983625 1.436444 2.783039 0.021178
2.326050 0.573239 1.975527 0.177293
1.303902 2.925600 1.424879 0.137989
1.303975 0.886795 1.664564 0.594121
1.304074 2.637095 0.667300 0.140902
0.262096 2.675588 0.150180 0.006962
1.755347 1.062392 0.202713 0.114324
2.621653 0.558011 0.787114 0.069158
0.296269 0.739508 2.016482 0.075210
2.560466 0.822121 1.836897 0.166529
1.072041 1.667289 0.026201 0.064938
1.748183 3.038619 0.144400 0.011834
0.321346 0.015039 1.066387 0.012633
1.874954 1.775429 0.444872 0.209512
2.180044 2.032787 0.863348 0.338478
1.706796 3.084979 1.841944 0.075210
2.945198 2.098869 1.583970 0.109640
0.888280 0.612192 0.874426 0.163087
0.039906 1.446633 1.558007 0.080091
1.954301 2.174684 1.264303 0.492545
0.126880 2.322444 0.411309 0.015350
2.385618 1.178571 1.170940 0.367910
1.280588 3.057513 1.377240 0.075210
3.090488 1.965046 1.444592 0.064938
1.623299 2.424187 0.677753 0.223046
1.640110 1.913761 2.326453 0.492545
1.092039 2.094282 1.307510 0.558128
1.414945 1.462854 2.299573 0.546621
0.516364 2.361434 0.406552 0.037568
0.788025 1.284225 0.845906 0.292516
1.885131 1.856964 2.970562 0.087092
2.964083 2.664308 1.988069 0.022579
1.448748 2.452883 2.472143 0.150016
0.137571 2.860112 2.145327 0.011834
2.605923 1.666725 1.940941 0.274778
2.998762 0.169239 1.028010 0.011834
2.834175 2.310242 0.765019 0.060974
1.571475 1.270227 2.538936 0.367910
1.807455 2.005205 2.311873 0.425696
1.663240 2.510114 1.041617 0.280568
2.368208 1.295762 2.722959 0.111958
1.090479 0.157637 0.954763 0.088935
0.575259 2.856808 2.273436 0.032399
0.631526 2.778919 1.258273 0.072121
0.704106 1.602339 2.872830 0.070624
2.584489 2.800971 2.551025 0.019442
2.650074 2.103912 1.697613 0.181033
2.303076 2.377877 2.087785 0.192732
0.757884 2.159617 1.508424 0.360321
1.647434 1.653313 0.891299 0.632433
1.363057 2.863728 1.180225 0.129603
1.386172 1.592239 0.144621 0.109640
1.433331 2.718143 0.470518 0.078430
0.104830 2.052770 2.825369 0.015684
1.618320 0.089586 1.405795 0.109640
0.109767 2.169412 2.326327 0.040024
1.620195 1.694508 0.195040 0.146915
1.563246 1.127367 1.633485 0.812008
2.970653 2.773093 2.814581 0.003820
1.159181 1.583850 1.482898 0.882546
2.068942 2.715329 0.938248 0.119206
0.671816 0.488980 1.872332 0.132340
1.151045 1.103794 1.993028 0.581873
1.533214 2.877455 0.369647 0.037568
1.806388 2.506846 2.075110 0.269107
0.665467 2.608619 1.261228 0.140902
2.190215 1.134652 0.298106 0.102970
2.143059 0.840890 1.864283 0.360321
2.172836 2.075506 2.284577 0.263553
2.658511 1.245891 2.818703 0.043547
1.591928 0.892110 0.200784 0.096704
0.018542 0.840913 2.091106 0.033092
1.792260 0.344792 0.123520 0.020292
2.651124 2.854655 0.062087 0.003730
0.529086 1.698970 0.365820 0.078430
0.287320 0.645298 2.163200 0.049413
3.086010 2.880931 0.582149 0.004300
2.540839 1.005243 0.698512 0.135135
0.082497 1.846241 2.970815 0.011329
1.967775 0.651417 1.102341 0.311398
0.100476 2.169896 0.278295 0.013778
2.053371 2.410007 1.962528 0.280568
1.740076 1.549765 1.180328 0.864357
1.429752 1.683284 0.554159 0.375659
2.358156 2.649699 1.210711 0.132340
2.480602 1.129214 0.720178 0.150016
1.182565 1.566896 2.335017 0.492545
1.145858 0.781485 0.938180 0.292516
0.076732 1.890666 2.441846 0.046388
2.692025 0.151545 0.900724 0.024069
1.248194 2.290065 1.855167 0.434660
2.004263 0.049865 1.659561 0.064938
2.530200 0.177975 2.045750 0.047376
0.172733 1.210893 2.271621 0.073649
0.995655 0.085687 1.297614 0.076803
2.996557 3.065487 0.896786 0.005424
0.898946 2.583331 2.497135 0.080091
1.562565 2.787507 1.844477 0.184852
2.080058 2.867374 2.986313 0.011834
0.969081 2.241457 1.723360 0.462699
3.024360 0.703752 1.855117 0.046388
1.200518 1.649254 0.681501 0.416917
0.163309 0.017738 2.696028 0.002580
0.850898 2.947052 0.195021 0.014079
2.611934 1.383508 1.442512 0.304972
0.476878 2.106886 1.664221 0.227748
0.135224 1.838981 1.936153 0.092739
1.333749 0.721783 1.402842 0.434660
0.004746 1.734449 2.747657 0.019863
0.313083 1.261865 1.943483 0.163087
1.354504 2.981416 0.971162 0.080091
2.976335 2.422009 0.060601 0.005424
2.728636 0.921936 1.044429 0.119206
0.824861 2.933570 2.739395 0.020731
2.057384 0.344885 1.719711 0.140902
1.541254 2.479253 2.491574 0.153182
0.621335 2.995012 2.560120 0.013482
1.895545 0.456592 0.256750 0.054893
2.917389 1.765897 2.896912 0.020731
1.147769 0.584143 0.544482 0.100838
0.315662 0.095480 2.800163 0.003820
3.009664 3.038806 2.633501 0.003470
1.239116 0.882441 2.260300 0.317958
1.054698 2.217965 2.955968 0.058465
1.633646 1.816833 2.962679 0.105147
2.324414 1.776936 2.557653 0.166529
0.245505 2.797395 0.966260 0.021178
1.146210 2.114800 3.053842 0.048384
0.361980 2.745006 1.978514 0.051537
0.363496 1.703249 0.925082 0.159717
2.322853 0.206671 2.983733 0.008897
2.611725 0.166533 0.236929 0.006656
0.377155 2.110661 1.808540 0.173630
1.988320 1.049233 0.025409 0.048384
0.120954 1.829710 0.222113 0.015350
0.289529 2.508268 2.046352 0.062268
0.023215 0.832303 0.703761 0.021178
1.555504 0.401736 2.853059 0.037568
1.939150 0.670632 0.767558 0.232549
0.135376 1.248402 1.742273 0.096704
2.297100 0.571354 1.981017 0.177293
0.431500 0.804686 1.540947 0.140902
1.450982 2.865732 0.623258 0.058465
0.368873 1.641182 2.450660 0.098750
2.710750 2.948908 1.825789 0.035260
0.063613 1.521311 0.025910 0.008702
2.759223 0.065539 0.530891 0.006507
1.351882 1.807886 1.470380 0.920080
1.133025 0.923214 0.851156 0.338478
2.000185 0.423556 1.915351 0.181033
2.127300 2.210645 0.888817 0.304972
2.197780 0.219916 1.786568 0.090817
0.069733 2.468590 0.270888 0.008142
2.992132 2.499678 0.619915 0.016731
1.560610 1.616274 0.622885 0.391649
0.707866 2.873024 0.432747 0.017466
2.360863 0.284406 0.460247 0.029142
1.795768 0.428850 2.393508 0.111958
0.596965 2.407932 2.140058 0.135135
2.509834 2.226411 0.847896 0.140902
2.785050 0.277373 3.095423 0.002646
1.347202 2.193123 2.632875 0.192732
1.960454 0.804706 0.736586 0.213930
0.297233 0.222591 0.443576 0.006962
1.315328 1.201929 0.443445 0.209512
1.540036 1.519439 0.728042 0.472441
2.619539 2.631618 0.136025 0.010844
3.003721 0.144699 2.537060 0.004402
0.829951 1.029278 1.006823 0.298680
0.486389 1.048693 2.290016 0.129603
2.471904 1.323612 0.887075 0.237451
2.685929 0.479849 1.559051 0.080091
2.457560 2.488298 2.255764 0.085287
2.518519 1.847684 2.106219 0.269107
3.062075 1.690643 2.695902 0.019863
0.743241 1.004710 0.633769 0.135135
1.630571 0.146755 2.371293 0.052632
0.471141 2.335214 3.076800 0.014079
0.431425 1.595644 0.329060 0.049413
0.063896 0.176901 0.731372 0.007447
1.703130 2.358493 1.675842 0.453158
1.771328 1.344054 2.716380 0.223046
1.204286 2.121857 1.134205 0.524313
0.499860 1.313266 2.932252 0.044474
0.664014 0.258759 0.736051 0.043547
0.664662 0.641562 0.602053 0.072121
1.441247 1.217748 2.838102 0.170042
2.122736 1.892038 2.071668 0.472441
0.403210 2.820903 0.962816 0.036013
1.273787 2.815054 2.416267 0.087092
1.965833 2.957495 3.023486 0.009718
2.170415 2.726462 0.960557 0.119206
1.619781 3.057921 0.098002 0.008702
2.025624 2.612985 0.237181 0.038370
2.973127 1.687204 1.318892 0.102970
2.751461 0.303522 1.971519 0.031056
1.759661 3.082359 0.400045 0.019030
1.845704 1.276355 1.963843 0.716622
2.262758 1.323213 0.077975 0.058465
3.005460 1.950550 1.535105 0.090817
1.176162 2.260376 0.383288 0.124297
1.044734 2.435657 0.735258 0.163087
1.723184 0.645730 2.821807 0.075210
1.798671 0.151327 0.674247 0.066315
2.985812 2.538001 2.459841 0.016731
3.063512 1.392326 2.600673 0.025116
2.150433 2.634995 1.763954 0.192732
0.939937 0.757307 2.823042 0.070624
1.126481 3.092077 0.382011 0.016375
0.266139 2.619788 1.691374 0.060974
0.662885 1.794500 2.768002 0.087092
0.753413 1.686993 1.738704 0.535351
1.823631 0.643649 2.045184 0.298680
2.905387 2.236740 2.965328 0.010380
1.137004 1.808752 0.963139 0.558128
0.311270 0.103908 1.068703 0.017466
0.130656 1.356648 2.202096 0.070624
2.101201 1.596537 1.294103 0.687383
1.215642 2.630188 0.886232 0.181033
1.403006 2.423999 2.196642 0.298680
2.595685 1.467445 0.649542 0.124297
1.191788 1.785950 0.049584 0.067722
2.408432 1.192029 2.054384 0.304972
1.902039 2.268230 1.648925 0.492545
1.545813 2.052356 1.261074 0.687383
0.828514 1.829919 0.734228 0.247567
1.129870 2.168173 2.644210 0.166529
2.355970 0.294003 0.018385 0.007120
0.992669 1.735744 1.242984 0.632433
0.568431 2.034402 2.981089 0.035260
2.432966 0.622384 2.258474 0.102970
0.832083 1.003401 0.373579 0.102970
2.955529 1.463112 0.490517 0.035260
0.344431 3.029713 2.365756 0.009934
1.681204 0.258827 0.050060 0.021178
2.011457 2.350556 1.158825 0.338478
0.686875 1.583306 0.308742 0.092739
0.856900 0.368127 2.820158 0.031720
2.349459 1.008280 2.216522 0.263553
1.117401 2.753922 2.736261 0.040024
0.016024 2.851585 0.180624 0.001307
1.874137 0.733313 2.188880 0.269107
1.962889 2.880181 2.021601 0.098750
1.380977 2.983456 1.322245 0.102970
0.901173 1.917628 2.810676 0.111958
2.191621 0.076528 0.207987 0.010380
0.761216 1.122304 1.802148 0.425696
1.112116 2.563241 1.806400 0.242457
0.316526 0.220795 2.551104 0.008897
2.697679 1.724699 2.285823 0.137989
1.211920 0.032501 1.916538 0.063589
2.639226 2.175720 3.025030 0.022579
0.698307 0.347080 2.672510 0.023065
1.541315 3.033865 1.745659 0.109640
2.270715 1.061708 2.139565 0.331495
1.485163 2.488491 1.663340 0.383571
1.221206 1.300071 1.214789 0.731704
2.542996 1.377720 1.295437 0.360321
1.540439 1.339226 2.658892 0.237451
2.115698 0.043517 2.630432 0.018627
2.531067 1.201121 0.994868 0.252785
2.413800 2.936598 2.648065 0.022102
1.311744 0.778170 0.867510 0.338478
0.518781 1.674797 2.273498 0.173630
2.808392 2.988844 2.529217 0.008142
0.084363 1.225806 2.758604 0.019030
1.264308 1.319191 0.329650 0.173630
2.694681 1.996225 2.507028 0.080091
1.209528 2.851943 2.040759 0.107370
1.657453 0.520934 3.031350 0.034522
2.801569 2.395220 1.982089 0.075210
1.571268 0.538692 2.819053 0.062268
2.712333 2.765925 1.783484 0.046388
0.145438 1.990651 1.363750 0.088935
1.836993 1.452053 3.010217 0.105147
1.414943 3.069951 2.804950 0.015350
1.056551 2.049929 0.822465 0.367910
1.188637 3.051358 2.908519 0.010380
2.625089 0.700667 1.106711 0.121725
2.630789 2.500694 1.934846 0.109640
0.543905 0.356668 0.184838 0.011579
1.312380 1.717253 0.880622 0.594121
2.972953 1.591339 0.703076 0.052632
1.519191 1.878732 2.876319 0.132340
2.662992 2.639784 2.293689 0.044474
2.587827 1.602699 0.972670 0.232549
2.479844 0.918436 2.927127 0.037568
2.331344 0.100860 0.380685 0.015350
1.868713 2.479865 1.638193 0.345608
2.787966 0.104992 2.783802 0.003820
1.475672 1.843059 1.548970 0.939440
1.821582 1.975453 1.784741 0.716622
0.356858 0.743088 1.028739 0.087092
2.624169 0.766393 2.045418 0.143877
0.270429 2.510407 1.849006 0.072121
2.216552 1.639443 1.251389 0.606627
0.116102 1.380455 2.496399 0.042638
2.930105 0.355711 0.064180 0.003730
0.113973 1.870260 2.919348 0.014387
2.567482 0.784048 0.478501 0.056059
1.712677 2.650461 2.553124 0.078430
2.228761 1.642490 2.389163 0.304972
2.154201 1.073499 2.395400 0.247567
2.166080 0.561464 1.861616 0.223046
0.310264 0.447251 0.247866 0.006962
0.807067 1.283487 1.491052 0.524313
0.070907 3.058774 1.591807 0.008702
1.745124 1.054400 1.434409 0.778880
2.396945 0.916860 1.505693 0.304972
1.977968 0.447389 1.977686 0.166529
0.182626 1.398495 2.342297 0.081787
1.810654 0.844293 0.864744 0.338478
1.196164 1.091274 0.252646 0.140902
0.093610 1.551377 1.627790 0.111958
2.644917 1.650047 2.856045 0.046388
0.014414 0.212453 1.959897 0.009506
2.683993 1.745946 2.083259 0.181033
1.275753 0.136596 1.799730 0.098750
2.569578 0.464211 1.326563 0.094701
0.905694 3.046989 0.533525 0.022579
1.635211 2.452086 3.027530 0.043547
0.971361 2.337582 1.925542 0.360321
0.299294 2.574151 1.126777 0.050464
0.575718 1.338268 0.318072 0.072121
2.404598 2.346766 2.872495 0.039188
2.556187 2.078858 1.782301 0.218440
1.698432 1.882279 2.925571 0.129603
0.640619 1.089217 1.249533 0.280568
0.053185 1.225775 2.204957 0.063589
1.892095 1.878852 0.584138 0.304972
0.383796 2.648871 1.070322 0.064938
2.528797 0.654989 3.047327 0.020292
2.943959 0.811153 2.328011 0.046388
0.901290 1.865449 2.460775 0.223046
1.572091 1.498379 0.033059 0.081787
1.081682 1.263221 0.658496 0.360321
2.341316 0.753369 2.576625 0.098750
1.826042 2.716500 0.624488 0.092739
0.506439 1.624548 2.508616 0.124297
2.505729 1.226297 2.101799 0.252785
1.640028 2.829563 2.099666 0.143877
1.221673 1.892731 2.793998 0.153182
2.607219 1.133286 0.386596 0.064938
2.528076 1.865891 1.729248 0.338478
0.867429 0.029082 0.028540 0.003820
1.985707 2.189026 2.305630 0.292516
1.767038 3.049412 2.319354 0.058465
1.148459 0.788162 0.384499 0.114324
2.239789 1.864569 2.369537 0.269107
0.178919 0.362454 1.275771 0.035260
2.257603 2.440691 2.740716 0.066315
0.409361 0.966568 2.388140 0.087092
0.454152 0.345253 2.812933 0.011834
0.355685 2.820317 3.028510 0.005062
1.040367 2.962147 0.784115 0.045421
2.956568 2.870078 1.691891 0.016026
2.911963 0.768533 1.744990 0.081787
1.973711 2.134395 0.476181 0.188751
1.592777 1.852097 1.659974 0.864357
1.535973 1.412544 2.494932 0.383571
2.883274 2.055593 0.691680 0.051537
3.049129 1.405895 3.085590 0.008511
0.369441 2.472040 0.620925 0.038370
0.525573 2.995224 1.995190 0.028530
0.674036 2.636567 0.725241 0.070624
1.860070 0.517571 2.011375 0.227748
1.853224 2.041304 0.082288 0.080091
0.360060 0.107106 1.482944 0.027931
0.422692 0.126316 0.764761 0.015350
2.267511 1.430388 2.244380 0.352888
0.972654 0.243110 2.274300 0.060974
2.705674 0.527265 3.050291 0.006080
0.667572 0.468322 1.557546 0.150016
0.644411 0.917226 2.456368 0.098750
1.986999 2.664216 1.576779 0.205185
0.371098 2.054233 0.466285 0.058465
1.464423 2.049048 1.959955 0.659337
1.060274 2.606685 2.009385 0.209512
2.149664 1.415146 0.074441 0.080091
1.923459 1.817225 0.019497 0.067722
0.313671 0.429970 3.008857 0.005062
2.689486 1.431600 0.080228 0.027345
0.008994 0.605700 2.881474 0.004300
2.834536 0.452748 0.119555 0.006507
1.271663 0.339695 0.198241 0.027345
2.730465 2.874225 2.648317 0.011579
2.682786 2.997857 1.342809 0.026207
1.027806 0.959382 2.348526 0.298680
1.013782 2.515717 2.557782 0.090817
2.963645 0.467372 2.386554 0.016375
2.872927 1.362954 0.487587 0.046388
0.234226 0.889785 1.122195 0.078430
1.596350 1.567709 1.695024 0.979392
1.330897 2.751463 1.362928 0.181033
0.476818 1.647672 2.991552 0.035260
0.475456 2.401347 1.307762 0.140902
0.403394 0.131525 0.355663 0.006656
1.896660 1.803956 1.994700 0.673214
1.085071 2.998870 0.459057 0.028530
0.308949 0.826022 1.184675 0.096704
1.570724 2.720487 0.082177 0.027931
2.127690 2.626623 0.840508 0.129603
2.219324 2.482619 0.706455 0.119206
1.517546 0.589988 1.724659 0.383571
0.786960 1.752809 1.048707 0.383571
0.409385 0.250346 2.338563 0.027345
1.162019 0.506922 2.723698 0.070624
1.903887 0.429574 2.722875 0.056059
1.994588 1.942737 1.864557 0.632433
2.062752 0.058753 2.912360 0.011834
2.851888 1.574708 1.771689 0.140902
0.013193 1.752789 0.086746 0.008142
1.690689 0.601045 1.931649 0.338478
0.395240 1.798716 2.811948 0.046388
0.691884 0.533121 2.203025 0.096704
2.209953 0.647500 1.489478 0.252785
1.156268 1.715742 0.845186 0.482388
0.739878 0.736767 1.381527 0.218440
0.415877 0.843324 2.786350 0.027345
0.316230 2.436226 2.443941 0.043547
2.726945 2.688528 0.585985 0.024587
1.233171 1.822918 2.269839 0.462699
1.968400 2.589059 1.501316 0.258113
2.514670 2.614234 0.747204 0.058465
1.143116 0.933207 1.486393 0.524313
2.736366 2.548895 2.049174 0.080091
0.482773 1.545273 1.680821 0.311398
0.893234 1.748622 1.698387 0.619396
3.023085 1.029141 1.674832 0.080091
1.592417 2.505847 3.025910 0.043547
1.624498 2.670433 2.766143 0.049413
0.759570 2.691925 2.315999 0.078430
1.545928 2.162987 1.013487 0.472441
1.366881 0.995513 1.035057 0.524313
2.415640 1.469301 0.499820 0.150016
2.916643 0.294345 0.798381 0.016026
0.080486 1.420578 0.805673 0.060974
1.521517 1.936391 0.219378 0.132340
1.585220 0.718880 0.882281 0.304972
0.049105 2.068996 1.888899 0.052632
0.566507 2.041733 1.812703 0.298680
2.148508 1.793978 2.649977 0.218440
2.135429 0.816705 1.077340 0.331495
2.665765 0.445064 1.252698 0.059707
1.862289 2.036116 1.453524 0.716622
1.453877 1.740324 1.251832 0.920080
1.610462 2.085003 1.463060 0.731704
0.636141 2.730113 1.386038 0.096704
1.957643 0.395395 1.536203 0.205185
1.428627 2.804590 1.258347 0.181033
1.724579 1.069124 0.917708 0.513502
3.003415 2.660120 2.385817 0.012910
1.258873 1.644366 0.120474 0.105147
1.803779 2.377384 3.050186 0.036013
1.725599 0.514485 3.071466 0.025116
0.604728 1.695389 3.098311 0.031056
0.275755 2.540227 2.345599 0.042638
0.283654 0.110495 2.260607 0.011834
2.290261 0.607837 0.309542 0.042638
0.911904 2.818620 1.195685 0.111958
1.290791 1.225591 0.159077 0.124297
3.087281 1.808962 1.509514 0.076803
1.711533 2.287280 1.750141 0.513502
2.073675 0.580483 3.023459 0.031720
2.567147 2.934205 2.698570 0.011579
0.036350 2.443869 2.548053 0.014701
1.954418 2.386911 2.766221 0.075210
1.886412 0.176345 0.659087 0.062268
1.890221 0.729872 2.684600 0.105147
1.593980 1.847059 2.947101 0.140902
0.465433 1.413610 0.293834 0.060974
1.446863 2.054503 0.231958 0.107370
1.331669 2.391494 0.681866 0.209512
1.953866 0.210836 1.758695 0.114324
2.574799 0.020417 0.284941 0.004613
0.545982 2.874733 2.773333 0.008897
2.851642 2.262530 1.502311 0.083519
0.563963 2.481241 1.570412 0.153182
1.754441 0.073628 2.490110 0.040877
2.131787 2.894840 0.250411 0.021178
2.295664 1.718187 0.494473 0.173630
1.123159 2.758877 0.048450 0.012633
1.688247 0.723298 1.844268 0.434660
1.928093 3.019316 2.646259 0.031056
1.296880 2.484330 2.190868 0.237451
0.704878 1.205651 1.849440 0.391649
1.158003 1.749701 0.393947 0.218440
2.305301 2.142398 2.426288 0.192732
1.113108 0.205033 1.776094 0.114324
1.286933 0.008200 1.850800 0.067722
2.801947 1.943589 0.028488 0.013778
1.057876 0.160437 0.982448 0.088935
1.457990 1.014004 0.224922 0.109640
0.303022 2.394217 0.057864 0.009934
1.922913 2.910789 1.825102 0.124297
1.919423 0.183737 1.036405 0.096704
1.496403 0.049257 2.312781 0.045421
2.772633 2.542217 2.324937 0.042638
0.460741 1.359422 1.967688 0.252785
2.266705 2.436720 0.717461 0.124297
0.155964 1.007745 1.252552 0.102970
1.285708 1.201246 1.542731 0.829096
2.621003 2.598386 0.573773 0.039188
0.669019 1.727036 0.174402 0.069158
0.736292 1.472145 1.324736 0.443813
1.966008 1.838405 0.278929 0.150016
0.745521 1.036753 0.357356 0.087092
0.483879 0.892166 1.823401 0.192732
2.348162 1.433807 2.263235 0.304972
2.016022 1.771445 0.350086 0.192732
2.414592 1.294526 1.745210 0.434660
1.554466 2.919909 0.329067 0.029142
2.827718 1.097663 1.184053 0.140902
1.704883 0.493126 1.961671 0.252785
0.498226 1.419400 0.719432 0.146915
1.141868 1.236855 1.985808 0.581873
0.364730 2.996726 1.574856 0.027931
2.674384 1.404808 1.659672 0.242457
3.034148 2.387636 1.626071 0.052632
1.020406 1.977665 0.618487 0.232549
1.983604 2.813805 1.482839 0.159717
1.845770 2.366598 0.876179 0.286480
1.364604 0.967128 1.946218 0.632433
0.831182 1.977637 2.193363 0.292516
2.945939 1.089846 0.797996 0.067722
3.072776 2.809642 0.052461 0.001269
2.252262 2.407469 2.244270 0.170042
1.247182 1.331078 1.483892 0.829096
2.491353 2.466804 1.950502 0.124297
1.082527 2.790415 0.966730 0.116740
0.906793 2.152152 0.276659 0.081787
2.726343 0.404783 0.968378 0.046388
2.079975 1.164976 2.653211 0.163087
2.670789 0.290561 2.523972 0.019030
1.912880 1.107652 1.631833 0.716622
1.914084 0.003824 2.151419 0.046388
0.013631 1.086244 2.303662 0.036783
1.279780 0.293486 1.890021 0.163087
2.064562 2.621008 2.896228 0.034522
0.413077 0.366414 2.411819 0.029767
2.379276 2.347656 0.875172 0.170042
1.861067 0.030072 2.712945 0.017845
1.998745 0.472605 0.579773 0.100838
2.156568 0.899720 2.894027 0.062268
1.616244 0.215791 1.541053 0.150016
1.030512 1.015357 0.904318 0.345608
2.186818 1.705273 2.746465 0.159717
2.993586 2.364313 0.767022 0.029142
3.029208 0.657044 0.771733 0.029142
2.906497 0.212705 1.898470 0.019442
0.124394 2.206128 1.765912 0.067722
2.310790 2.898875 2.277724 0.046388
1.506820 1.116220 0.223305 0.121725
1.422778 1.431804 0.262008 0.188751
0.211860 0.441634 2.546574 0.014387
3.098159 2.927350 0.192735 0.001307
0.973806 1.265086 1.016575 0.502914
0.698656 2.018539 0.822619 0.213930
0.930814 0.302835 0.266142 0.024587
2.222501 1.884290 0.380054 0.143877
2.249853 2.353655 1.756323 0.286480
1.231358 0.967663 0.129563 0.072121
0.160497 2.853270 2.986496 0.001990
1.073499 2.642973 1.247477 0.227748
2.816795 1.378023 2.797517 0.037568
1.321125 0.023754 0.444025 0.019030
3.082877 2.952217 1.013241 0.006219
1.115465 0.761328 1.895455 0.399897
1.375980 1.026328 1.357934 0.701850
2.295411 1.382074 2.683254 0.137989
3.034142 2.296152 1.689545 0.060974
0.284218 1.405303 0.174420 0.028530
1.391403 2.752291 0.954722 0.140902
0.098424 1.233384 2.288356 0.054893
0.913129 2.717927 1.093715 0.132340
0.654704 0.538934 1.817793 0.140902
2.966975 0.737969 1.456979 0.052632
1.397271 0.106615 1.043528 0.080091
2.963391 2.214728 0.235116 0.010380
2.440861 0.468993 2.311204 0.083519
1.783393 0.011830 2.759310 0.014701
0.909474 0.733152 0.827631 0.170042
1.192619 1.081324 1.907544 0.632433
2.021721 0.120211 0.630238 0.035260
0.507385 1.045328 0.632039 0.090817
1.911553 2.606443 0.200607 0.041749
2.164749 3.089073 2.547038 0.020292
2.073238 2.468228 1.756309 0.269107
2.382848 2.605185 0.890051 0.096704
0.346077 2.553769 2.901507 0.008897
0.533388 1.845465 1.121567 0.242457
0.586813 0.246666 0.027108 0.004300
3.050726 2.568092 2.984128 0.002390
0.704100 1.938171 0.563100 0.163087
1.947196 2.768418 1.815131 0.163087
1.868586 1.393502 0.467444 0.274778
0.461456 0.213893 1.698994 0.046388
0.758457 1.139739 2.482806 0.177293
2.317855 1.864270 1.076157 0.399897
1.697170 1.846728 1.805339 0.864357
0.254887 2.855054 2.897582 0.003912
0.300771 2.568077 2.116242 0.045421
0.295056 0.689294 2.286670 0.051537
1.642376 1.918176 1.417432 0.864357
1.344512 1.400541 0.145740 0.102970
1.740255 2.002267 2.144318 0.581873
1.834942 2.905827 1.801156 0.132340
0.195937 1.865264 0.354995 0.033092
0.895851 1.789880 0.804341 0.338478
0.777746 1.211789 2.362805 0.232549
0.372296 1.743441 2.266868 0.137989
2.562213 1.905124 1.228148 0.247567
2.207706 1.972441 2.491387 0.205185
2.322234 1.959029 0.087431 0.050464
0.817209 0.073517 0.257354 0.011834
2.976661 2.067390 0.916920 0.052632
2.614685 3.037442 0.610133 0.013482
2.829596 2.645233 0.429383 0.015350
0.624316 1.380021 2.586324 0.121725
0.126605 0.062544 0.065636 0.000865
1.699482 1.558403 0.720373 0.462699
0.973158 2.642633 0.389776 0.058465
1.821881 0.955931 0.745832 0.324656
1.313130 1.877611 2.887048 0.124297
1.478036 3.066173 2.599543 0.025656
0.566684 2.113624 1.475854 0.286480
0.874148 1.344692 2.783128 0.119206
1.719360 2.320146 2.440189 0.258113
3.063592 1.467312 2.155634 0.052632
0.437786 1.721687 0.286639 0.048384
2.432178 0.488446 1.371179 0.146915
1.613014 2.975958 2.565806 0.035260
0.966734 2.453524 2.527213 0.111958
1.026493 0.741464 2.390267 0.163087
2.946151 0.448514 2.340912 0.020731
3.034051 2.488172 2.111156 0.031720
1.017691 2.119358 0.208633 0.080091
1.902136 1.643709 0.725966 0.416917
1.901773 1.414027 0.853943 0.558128
0.083156 1.506630 2.435762 0.052632
0.546214 1.676120 2.456553 0.121725
2.228565 0.113121 1.704385 0.070624
2.402543 0.389204 0.200078 0.017466
1.542019 2.400760 0.231332 0.070624
2.636481 2.975189 2.457885 0.013482
0.409231 2.962025 0.915024 0.017845
3.018573 1.483221 3.026281 0.012095
0.922079 1.710497 1.928734 0.558128
1.962811 1.667909 1.642648 0.795272
2.535677 1.726073 0.047939 0.031056
2.800947 2.939062 2.499140 0.011084
2.199785 2.269855 0.191419 0.053751
3.098724 1.931151 2.047795 0.058465
0.014432 0.380989 2.569365 0.006080
2.552540 2.729397 2.976214 0.008511
1.841863 2.723875 1.676330 0.232549
2.918827 2.523802 1.490516 0.058465
2.959501 1.597709 2.302316 0.062268
2.856855 0.097138 1.560034 0.016375
1.629187 0.394254 2.776534 0.049413
1.374453 0.309918 0.769013 0.107370
2.140120 1.024577 0.195717 0.080091
2.964860 1.991700 2.150027 0.058465
2.161841 2.085001 2.582140 0.150016
2.968095 2.273945 2.722560 0.015350
1.036424 0.758929 2.076828 0.298680
0.950630 2.449719 2.204838 0.223046
0.377772 0.407186 0.303639 0.012095
2.043026 2.823098 1.212977 0.140902
2.543964 2.123304 1.615123 0.286480
1.684591 0.454237 0.170456 0.046388
2.205936 0.255008 2.001493 0.102970
0.327226 2.813496 0.392466 0.009299
0.289472 2.580019 2.304415 0.034522
2.087609 2.914937 2.855027 0.016026
2.485480 2.803228 3.068613 0.005809
1.242434 0.427578 2.818902 0.043547
2.455480 2.992501 1.401907 0.042638
1.952143 0.174023 0.370684 0.030404
1.372161 0.313018 0.122392 0.021178
3.018738 2.206267 0.432786 0.017845
1.202081 2.632456 0.422846 0.070624
1.123603 2.598516 3.091265 0.020731
1.943182 2.319453 1.473016 0.492545
1.906339 1.906084 0.716385 0.367910
0.943117 0.517994 0.044541 0.016375
1.924646 0.798349 1.242116 0.434660
2.480708 0.926678 2.797776 0.049413
1.370861 1.919230 0.085240 0.096704
1.928631 2.560651 0.933722 0.181033
0.145479 1.848549 1.739627 0.102970
2.729453 0.815191 0.104609 0.015350
1.556478 1.051443 2.299286 0.453158
0.573081 0.575196 0.733752 0.072121
2.055924 2.906909 1.117835 0.088935
0.360168 0.087457 1.951473 0.022579
2.052125 0.160243 1.773521 0.102970
0.762087 0.789580 1.829678 0.292516
1.619297 2.859187 0.853675 0.096704
2.392642 1.951267 2.444375 0.181033
1.656515 0.573560 1.722277 0.375659
2.380078 2.238411 0.130767 0.033800
2.026253 0.934828 0.340538 0.102970
2.092971 1.972049 1.913974 0.524313
0.324113 0.169798 0.281243 0.005300
2.743509 1.274110 1.731163 0.232549
1.758207 2.492209 2.856345 0.054893
2.537361 1.248719 0.397977 0.087092
0.408261 2.952723 1.844285 0.026207
0.911066 1.164565 2.387875 0.269107
0.359612 1.894989 1.317005 0.209512
0.230794 1.182170 2.084080 0.096704
2.852522 2.960549 2.113899 0.011834
1.146930 1.698133 2.677243 0.200948
2.751362 2.139382 0.616570 0.056059
0.206807 1.182342 1.534008 0.132340
1.549172 3.086909 2.888357 0.011834
1.797097 2.229068 2.731196 0.153182
2.413046 0.887318 1.976953 0.247567
1.976368 0.958910 1.382784 0.581873
2.435711 0.959494 1.097083 0.280568
0.704678 0.822563 0.994542 0.192732
2.655125 0.042570 1.474973 0.020292
2.446266 0.001524 2.596286 0.011834
1.102784 1.163585 1.968951 0.581873
2.446945 0.102462 2.939186 0.007447
2.638693 2.305652 0.798284 0.098750
1.615049 0.599975 2.849417 0.076803
2.898282 0.594978 3.094258 0.004300
3.084511 2.686852 0.075263 0.001787
1.657357 1.468896 0.560024 0.383571
0.320946 0.049080 2.504392 0.005809
1.177466 2.606753 1.605289 0.280568
1.570819 2.888919 1.205817 0.132340
2.923450 2.566724 0.982304 0.034522
2.594244 3.062096 2.446447 0.011834
1.679307 3.084914 2.363057 0.037568
1.610205 2.749667 0.806103 0.140902
0.359675 1.339133 1.006008 0.173630
0.895430 1.376487 0.916674 0.408318
2.392517 2.219993 2.283149 0.170042
0.047378 2.800245 0.564135 0.005809
0.043314 2.696193 0.842317 0.011084
1.551525 1.437274 1.323387 0.920080
0.166920 1.231965 2.529282 0.051537
2.991306 1.618134 2.823230 0.021635
1.957355 1.960883 1.299889 0.619396
0.606133 2.593533 0.961893 0.090817
1.943786 2.785493 2.803349 0.033800
2.136661 0.659738 0.199141 0.051537
2.121693 1.005299 1.344553 0.502914
1.789173 1.194961 2.814087 0.163087
0.326987 2.871544 2.443800 0.013482
1.300531 0.979560 2.125779 0.502914
0.780595 1.350892 2.038926 0.443813
1.269931 0.479326 1.969262 0.242457
2.532805 1.251953 0.051941 0.040877
1.189528 0.916340 2.749623 0.143877
0.143629 1.212815 2.063573 0.072121
2.574656 2.554354 0.558727 0.039188
0.884438 0.389551 0.186298 0.024069
1.248098 0.939167 0.576907 0.223046
0.572153 2.404218 2.793082 0.036013
0.850126 2.682982 1.158238 0.143877
2.977732 1.795556 2.879035 0.015350
2.252665 0.104727 0.157297 0.008897
0.677994 3.091054 0.278750 0.007120
2.536488 0.158316 2.946840 0.008325
1.092739 2.971641 0.726347 0.042638
1.035167 0.212450 0.044159 0.008511
2.639326 1.961185 0.159401 0.038370
0.502927 0.319642 1.288276 0.058465
2.538903 0.326327 3.080411 0.005809
2.247559 2.473746 2.130888 0.184852
0.053234 0.106344 3.031351 0.000865
0.369656 1.981681 1.176350 0.181033
0.327234 0.569841 1.409397 0.075210
1.198444 2.618189 1.638033 0.280568
2.028068 0.688287 1.093559 0.311398
1.354897 0.980488 0.848011 0.399897
2.598947 2.683323 1.536309 0.080091
2.534618 0.974457 0.275208 0.056059
1.714334 1.751342 1.474713 0.920080
0.800052 0.434582 2.479298 0.054893
2.582246 2.689709 1.621433 0.080091
2.401780 3.049270 2.334373 0.029142
1.296972 1.275806 1.585461 0.882546
1.821277 3.048345 0.421619 0.026207
1.344719 0.057952 0.319899 0.020292
1.355005 0.269708 0.334320 0.037568
2.442874 2.897494 1.393190 0.069158
2.372524 0.003121 2.363114 0.017845
0.020700 1.711183 1.135619 0.064938
2.456519 2.622416 1.403463 0.121725
0.728865 2.024892 0.836765 0.213930
2.520701 2.587579 2.693303 0.031056
1.234874 2.370995 2.470715 0.163087
2.489255 0.993316 0.304886 0.056059
3.060434 0.363157 1.560804 0.020292
2.345120 3.020758 0.581927 0.024069
0.347810 0.689300 0.446309 0.023065
1.011138 3.027929 2.201604 0.052632
0.956839 1.233147 1.268423 0.606627
1.687555 2.492831 1.032366 0.280568
0.110177 2.760952 2.096467 0.015684
2.587322 2.172971 2.244591 0.132340
1.639165 0.915611 2.937372 0.096704
1.695970 2.135516 0.016877 0.058465
0.447804 1.283312 0.146130 0.026207
0.188678 2.732244 0.201440 0.005180
0.516045 1.603987 0.464148 0.100838
0.409301 0.490101 1.287355 0.075210
2.530191 1.438521 2.005347 0.311398
2.771359 1.501788 2.055003 0.143877
0.804911 0.435844 0.782947 0.078430
1.516216 2.314537 2.364024 0.263553
2.197442 0.245849 2.595957 0.030404
1.327483 0.960252 1.123368 0.558128
1.229787 0.552991 1.974276 0.280568
0.028299 0.912393 0.746928 0.024587
0.292726 2.367150 1.870357 0.081787
1.254397 0.125134 2.912606 0.015350
0.813206 0.587643 2.851342 0.032399
0.675243 2.598762 1.688285 0.146915
0.360600 0.618139 2.198482 0.063589
2.774240 0.226432 0.407004 0.006962
1.536956 0.539252 0.718610 0.150016
1.134253 1.763417 1.725835 0.747103
2.595896 0.581156 0.204165 0.018232
2.398646 2.274066 2.901577 0.039188
1.595588 2.225611 1.428755 0.632433
0.702758 1.549012 1.094675 0.383571
3.016586 2.174778 1.245282 0.063589
1.775071 2.535788 2.139009 0.269107
2.234292 1.521607 1.146953 0.524313
2.492454 0.044987 0.228169 0.004300
2.440896 1.847807 0.212194 0.066315
0.082419 0.063741 0.469699 0.003470
0.366438 0.818086 1.514882 0.140902
0.353249 1.819315 0.716359 0.111958
0.215335 2.440882 2.348048 0.039188
2.570955 2.485857 2.199371 0.080091
0.907879 1.550040 0.036200 0.052632
1.031128 1.927370 2.355100 0.304972
2.651205 1.562286 2.890037 0.037568
0.960794 0.933642 2.341997 0.263553
1.334894 0.797694 0.570430 0.205185
0.347179 2.776400 1.498760 0.038370
0.490555 1.583786 0.296607 0.062268
1.005991 1.502132 2.596441 0.232549
1.370622 0.476599 1.446349 0.304972
0.798597 1.011258 2.402001 0.192732
1.523696 1.539395 0.029454 0.081787
1.330440 2.889239 2.906316 0.020731
1.825550 3.096915 0.263305 0.014701
1.779613 0.021640 1.685263 0.075210
1.508381 1.142324 2.562786 0.258113
2.939667 1.245880 0.534729 0.041749
1.990776 1.938005 1.435621 0.701850
1.091404 0.350575 1.881976 0.181033
1.855055 0.570055 0.324013 0.067722
2.460817 2.689084 0.996004 0.072121
0.432737 2.467650 1.024002 0.072121
2.083896 1.226649 3.020232 0.072121
1.613877 0.359939 2.984832 0.027931
2.668028 1.385829 2.728652 0.062268
2.215105 2.715687 1.705370 0.159717
1.206874 0.278140 1.116257 0.140902
0.299597 1.740568 0.000394 0.015350
0.754378 0.528226 0.105920 0.019442
2.532884 0.573365 1.975065 0.124297
2.890575 0.138489 2.692274 0.003730
0.469631 1.431320 0.532014 0.098750
1.203500 0.237730 2.682981 0.033092
1.527836 2.194864 2.250744 0.360321
2.675626 0.814545 0.795362 0.078430
1.260001 1.154177 0.011584 0.067722
2.653562 2.953161 0.403238 0.006656
1.854877 1.098287 2.260365 0.399897
1.342564 2.465890 1.522792 0.367910
0.722774 2.114755 1.791954 0.324656
2.282695 2.830576 1.927886 0.096704
2.359599 0.516704 0.354239 0.037568
0.740013 1.610443 1.765040 0.443813
0.474191 2.492459 1.079316 0.100838
1.061330 2.003967 0.101539 0.073649
1.617670 2.912836 0.143036 0.016375
1.044082 1.608465 2.727401 0.184852
1.978146 1.748425 1.850312 0.701850
2.906737 2.323226 2.821388 0.016026
1.231354 2.460667 0.331515 0.067722
2.729217 0.693214 1.147195 0.096704
1.988953 1.549882 1.080379 0.659337
0.165952 1.370632 1.229287 0.129603
0.144764 2.252477 0.005369 0.004613
1.911668 0.443718 2.817970 0.043547
1.404133 1.885215 0.436973 0.218440
0.601632 1.471668 1.464180 0.391649
2.150917 0.795503 0.217756 0.053751
0.495353 1.030456 0.584768 0.090817
0.432358 0.321337 0.586266 0.019030
1.752084 0.079311 1.634255 0.105147
1.224379 0.097522 0.216050 0.014387
0.471445 1.141028 1.811607 0.242457
2.567274 0.342297 1.998386 0.050464
0.349280 1.611040 1.805794 0.184852
0.801096 0.550269 0.725425 0.102970
1.377436 1.967577 2.420627 0.375659
1.641220 1.868514 0.588951 0.345608
2.150535 1.479281 1.379083 0.632433
2.763723 1.049771 3.026082 0.015684
0.715185 0.039214 2.080289 0.027931
0.221049 2.590833 1.249648 0.041749
3.016841 2.538968 1.220455 0.038370
2.007547 0.784723 0.190172 0.067722
1.236523 2.106160 2.764042 0.126922
0.815149 1.373302 0.527381 0.173630
2.468856 1.715353 0.328749 0.075210
3.010752 2.237392 1.906979 0.063589
3.071071 0.588913 1.184911 0.027931
0.630886 2.355137 1.015738 0.135135
0.902524 2.107800 2.192329 0.304972
2.021428 1.844129 2.081907 0.558128
1.874959 1.950003 0.013524 0.058465
2.152877 1.578410 2.626616 0.205185
1.331693 2.393580 1.887885 0.391649
3.071050 0.763389 2.369335 0.021178
2.201744 1.433079 1.275631 0.594121
0.924707 2.511800 0.062346 0.027931
2.332252 2.551786 0.610204 0.069158
2.785500 2.934445 1.962166 0.023562
1.344521 1.559027 2.100776 0.687383
0.151751 0.003916 2.940904 0.001307
3.015473 2.675601 0.209726 0.003730
1.194856 2.894267 1.048448 0.096704
1.142516 0.514828 1.546103 0.258113
2.782298 0.600084 0.725339 0.036013
1.618376 2.868114 1.795302 0.140902
1.107527 1.185197 1.997448 0.581873
2.858697 2.666212 0.069122 0.003730
1.085484 2.277979 1.537801 0.453158
1.715305 2.095173 1.512544 0.716622
0.623426 1.332278 0.129809 0.040877
0.354258 0.878236 1.480015 0.163087
0.059373 1.983340 1.400467 0.088935
3.052984 0.462461 0.034875 0.001600
2.887445 0.485443 2.263437 0.026207
1.045865 0.734936 2.754145 0.067722
2.280463 1.641789 3.002133 0.062268
1.666596 0.643713 0.589394 0.150016
0.556490 2.725068 0.450975 0.031056
2.970576 1.415428 0.917252 0.070624
2.210031 0.683944 2.468199 0.119206
2.182235 2.203353 0.541575 0.132340
1.342769 1.577143 1.894613 0.829096
2.743956 1.288037 1.442071 0.232549
1.048081 2.711218 0.328552 0.036013
0.045666 1.279965 2.226663 0.049413
2.333934 1.342842 2.592397 0.166529
2.158400 2.543908 1.388939 0.247567
0.428202 2.615892 0.962522 0.058465
1.344243 1.975181 1.874439 0.673214
0.651707 1.739592 2.935113 0.069158
2.517931 2.840535 0.644515 0.029767
0.706618 0.495171 1.511515 0.150016
0.855924 1.888736 0.537618 0.181033
2.782342 0.749237 1.778954 0.087092
2.429756 0.322579 0.163853 0.013482
0.141211 0.661597 2.419848 0.024587
0.592801 2.904281 2.664457 0.014387
1.647876 2.743697 1.159694 0.223046
2.791616 1.699034 0.394784 0.048384
2.958376 3.001770 2.855985 0.001346
0.106614 1.338015 3.010821 0.011329
2.462755 0.420985 0.896515 0.063589
1.708058 0.709184 1.551349 0.462699
0.578426 1.453958 2.445950 0.184852
0.176690 2.896136 2.503766 0.008325
2.617394 0.363615 1.155334 0.070624
1.024792 0.750175 0.267549 0.080091
2.937236 1.461278 1.609621 0.150016
1.037636 0.907132 2.264954 0.263553
1.106766 2.975105 1.231389 0.080091
2.184118 1.512903 1.269009 0.606627
2.592136 1.106125 1.074138 0.209512
0.215424 1.068192 3.040328 0.013193
0.677222 1.729777 2.855747 0.069158
1.160947 2.497479 0.556321 0.135135
2.602895 1.499327 2.386087 0.150016
2.980447 2.386559 1.332815 0.049413
1.161416 1.274659 2.201094 0.535351
0.862612 0.308262 3.057405 0.009934
2.385852 1.792910 2.425415 0.209512
1.955304 0.537872 0.456689 0.081787
0.291199 0.113999 0.134338 0.001938
1.470323 1.552924 2.878941 0.150016
2.331620 2.230848 2.536047 0.140902
1.482131 1.236025 0.741822 0.416917
1.131336 1.473764 0.750183 0.453158
0.978745 1.503506 2.129723 0.535351
1.722258 0.670081 1.668085 0.453158
2.839685 2.889261 0.364567 0.006962
0.380406 2.858962 2.414338 0.017466
1.395081 0.387910 0.150223 0.036783
0.764606 1.703285 0.036563 0.044474
0.339680 2.633945 0.146179 0.006507
1.388739 2.079194 1.269675 0.673214
0.365617 0.418345 0.100975 0.006656
1.865272 2.783945 0.019576 0.013778
0.645485 1.163843 0.780154 0.192732
1.273200 0.392762 1.574368 0.237451
2.257331 2.905638 1.762242 0.078430
0.442444 2.787236 1.574948 0.049413
0.745195 1.213537 2.598574 0.132340
2.881420 1.844426 0.275225 0.027345
1.837053 2.744859 0.328830 0.046388
2.143620 0.474546 0.264644 0.045421
2.389519 0.465970 1.192487 0.132340
1.256187 0.823496 1.668457 0.513502
2.555334 0.708908 1.308086 0.140902
2.552796 1.606782 2.001982 0.258113
1.816481 3.013344 0.359651 0.026207
1.607928 1.864757 0.509808 0.280568
2.903731 2.391492 0.155126 0.010154
0.245214 0.368773 0.680386 0.017466
0.230957 2.710888 1.566086 0.037568
1.152569 0.665614 2.157242 0.269107
1.525523 0.249048 2.345725 0.083519
2.527128 2.685302 2.475913 0.038370
1.437306 1.940575 1.512571 0.864357
1.238228 2.498069 0.291282 0.067722
2.295183 0.135360 1.253185 0.058465
2.254532 0.338016 2.431210 0.051537
1.145784 0.773250 1.087179 0.367910
1.104197 1.149260 0.230088 0.098750
0.089004 2.562407 2.672916 0.008511
2.086244 0.872730 0.797624 0.263553
0.374594 1.071279 0.532375 0.064938
0.411496 2.377795 3.082738 0.009299
1.689875 1.684226 2.281647 0.535351
2.890664 3.060210 1.742702 0.011579
1.234276 1.376805 1.091753 0.701850
2.351274 2.316075 1.172542 0.232549
1.586861 2.630161 0.508998 0.100838
0.700039 1.782765 0.979694 0.324656
2.628398 2.478456 1.918012 0.109640
2.546949 0.262203 1.830359 0.072121
0.613946 2.811028 2.195594 0.049413
2.638181 1.523581 0.914838 0.205185
2.772364 2.941956 2.521841 0.011084
1.643022 3.091303 2.365774 0.038370
0.129963 3.014826 0.351148 0.002646
1.708160 3.065462 0.658704 0.037568
1.707854 0.515324 2.310423 0.173630
0.047475 0.917907 0.340321 0.009934
0.894554 1.399447 2.255875 0.352888
0.755045 0.066199 2.477860 0.024069
0.686957 0.261161 2.410516 0.043547
2.010355 0.223821 0.223680 0.017845
2.476296 3.075442 1.989848 0.025656
2.579894 0.598395 0.518992 0.039188
0.244855 2.174142 2.570465 0.030404
3.005957 2.833229 0.815827 0.011834
2.051452 1.697062 1.615190 0.716622
2.972495 2.763082 0.067011 0.001938
2.094332 0.050206 0.978514 0.059707
2.026626 1.287894 1.176500 0.673214
1.409343 1.360582 2.788182 0.188751
1.387489 1.772359 1.456167 0.920080
1.217510 1.400996 0.527871 0.274778
1.327584 1.244400 1.042924 0.606627
0.272313 3.074943 0.294573 0.002646
0.017886 0.384709 1.028855 0.014701
0.736456 1.514416 0.530812 0.150016
2.404089 0.681952 2.363780 0.105147
1.545327 2.998747 0.610016 0.043547
1.021344 0.572727 2.809389 0.056059
0.406105 2.758411 0.097863 0.005062
1.786179 2.836580 2.921932 0.027345
1.953142 2.262546 0.601244 0.177293
0.646431 2.715661 1.546128 0.098750
1.629831 0.546846 2.936119 0.047376
0.513136 0.955240 1.649427 0.232549
0.429559 2.604495 0.365867 0.019863
2.812623 1.640959 1.359775 0.192732
0.870803 2.036518 2.059483 0.383571
2.539029 2.880588 0.115993 0.006080
2.768612 1.822440 1.491304 0.184852
1.374580 0.448787 1.999575 0.200948
2.525185 1.540120 0.717369 0.184852
1.965069 1.473826 1.342302 0.762826
0.688154 0.800328 0.261190 0.051537
0.777202 2.993438 3.006034 0.006507
0.139646 0.670042 2.454615 0.020292
1.726118 1.980440 2.807621 0.156416
0.609879 2.334675 1.420924 0.213930
0.035251 1.954751 2.603751 0.020731
0.675503 1.488871 0.536111 0.150016
2.865655 0.914251 0.806137 0.053751
1.018025 1.361030 1.151355 0.632433
0.253656 2.486702 2.272522 0.042638
0.542385 0.167927 0.970403 0.034522
1.793322 2.450932 2.221096 0.237451
1.113472 1.836640 0.281941 0.150016
2.490195 2.343726 2.783726 0.042638
1.465724 1.105394 2.337027 0.453158
2.855937 1.568898 2.815609 0.029142
0.934923 2.617792 1.348560 0.192732
2.677004 1.289311 2.297193 0.132340
0.067796 1.877364 2.611824 0.031056
1.888083 2.430271 0.715561 0.196797
0.125589 2.410444 0.540727 0.016375
2.586447 2.411145 2.595391 0.047376
1.522535 0.605465 2.691944 0.098750
1.348931 0.117199 2.853375 0.015350
2.716007 1.212928 0.107755 0.024587
2.481702 0.849445 2.041682 0.177293
1.365792 0.272277 2.879250 0.028530
2.729805 1.903752 2.522456 0.087092
0.052172 2.276442 2.598525 0.019442
1.952160 1.320458 0.053869 0.085287
0.489471 2.634748 2.000086 0.081787
2.720877 2.278910 0.036016 0.011084
3.023131 2.066196 2.773637 0.015684
1.993182 0.155508 1.403847 0.119206
1.359127 2.927204 2.159014 0.094701
0.784572 1.503580 1.151425 0.492545
1.701028 1.112089 2.354695 0.375659
1.558220 0.568639 0.829326 0.218440
1.712832 1.874489 0.207354 0.129603
2.263316 2.786732 1.429784 0.107370
1.889036 0.603060 1.579736 0.345608
1.482064 0.355281 0.026624 0.020292
1.221823 2.547000 2.874877 0.051537
0.592694 1.133331 3.039155 0.035260
0.683150 1.036414 1.368216 0.338478
2.739496 1.040030 1.830816 0.173630
1.194685 2.707812 2.306767 0.124297
1.708103 0.050468 1.559528 0.109640
0.732379 2.349858 0.237471 0.039188
2.934535 0.373934 1.325791 0.035260
0.917418 0.428965 0.775088 0.090817
2.802860 0.169479 2.999658 0.002782
1.772701 1.225641 2.133169 0.606627
2.935840 0.710316 2.945557 0.010154
1.841989 1.455346 1.973380 0.762826
2.847100 1.068924 2.216311 0.102970
2.411630 1.454909 2.587002 0.150016
0.160032 3.041281 2.251968 0.008897
1.302349 0.707014 1.912939 0.391649
1.255779 2.160885 1.016311 0.443813
1.491992 1.881991 1.944248 0.778880
1.777203 0.447547 1.178843 0.209512
1.926892 0.724976 2.677552 0.105147
0.682089 0.488547 1.723447 0.146915
2.081964 0.643547 2.330171 0.159717
1.275053 2.317503 1.165990 0.462699
0.474383 0.871396 1.462982 0.205185
1.183074 2.901751 1.009377 0.096704
0.158028 1.602236 2.465553 0.058465
1.859890 2.680366 1.719570 0.218440
0.807546 0.408333 1.086220 0.114324
1.976218 2.826329 1.227553 0.140902
1.755012 1.804793 2.973785 0.098750
3.028234 1.320799 2.876226 0.015350
0.778961 2.991227 1.052752 0.050464
3.079291 2.801408 3.049294 0.001269
0.647572 1.379531 2.344537 0.213930
1.156499 1.067584 1.465346 0.716622
1.606300 2.647432 0.255226 0.062268
0.376584 0.371602 1.701475 0.062268
0.487543 3.036475 2.554914 0.010844
1.578157 1.614426 2.923529 0.150016
2.748927 2.841604 0.141116 0.005062
2.134733 1.058863 1.879264 0.524313
1.581205 3.042623 2.346210 0.062268
0.080334 1.430212 2.196484 0.070624
2.888977 0.940668 1.482169 0.096704
0.348822 2.671898 0.206185 0.006962
2.808421 2.969238 0.715730 0.009934
2.302085 2.373497 2.069077 0.192732
0.769066 0.250520 0.661919 0.051537
1.202481 1.325962 1.699915 0.812008
0.393094 1.186150 2.673195 0.056059
2.563459 2.678985 2.227324 0.051537
0.246693 2.781291 2.898123 0.003912
0.160938 0.978986 2.233656 0.070624
0.710977 0.771772 0.455452 0.083519
2.190463 1.087571 0.281762 0.102970
1.190120 0.231949 1.718981 0.129603
1.072233 0.125929 0.542517 0.028530
1.046840 2.171959 0.639823 0.184852
1.231672 1.343306 0.677638 0.391649
1.982222 2.455327 2.959970 0.035260
1.953934 2.944788 1.715288 0.119206
1.101506 0.096428 0.881507 0.058465
0.333187 0.612311 2.235411 0.049413
0.581123 0.604478 0.264377 0.029767
0.417041 1.337603 0.684330 0.111958
2.340990 0.005860 2.072917 0.033092
0.676786 2.161642 0.486026 0.096704
2.816495 2.429807 0.603214 0.036013
2.841500 2.902148 0.071493 0.002782
2.182415 1.664409 2.643073 0.200948
0.971998 0.735128 3.012361 0.038370
0.731930 0.659865 0.306292 0.043547
3.008408 0.085259 2.452914 0.004402
1.680543 0.682771 2.202098 0.298680
1.752156 1.088894 2.535125 0.298680
1.794211 2.832686 1.653243 0.181033
3.043643 1.521989 2.732173 0.027931
1.601754 0.655818 2.064639 0.345608
1.476594 1.805927 2.116505 0.687383
2.791119 2.716124 1.061549 0.040024
0.580050 2.169504 1.516021 0.252785
1.383904 2.608590 0.036281 0.025116
1.424317 0.327828 0.664443 0.090817
2.549344 1.352968 1.579227 0.383571
2.632631 1.505284 1.163904 0.280568
2.095283 2.146646 1.709015 0.524313
1.653942 0.734372 2.371583 0.218440
1.289380 1.634108 2.451403 0.367910
1.434527 0.425245 0.771928 0.137989
1.685801 3.002647 2.978707 0.011834
1.864917 1.575286 0.357000 0.223046
2.556365 1.526446 2.007059 0.258113
3.034940 2.320999 2.332199 0.034522
2.014086 2.130594 1.875593 0.524313
1.703047 3.080512 2.164269 0.051537
0.080142 1.912388 2.874207 0.014387
2.313106 1.461940 2.490585 0.218440
2.842973 2.096630 0.281798 0.027931
2.283183 0.831467 1.521068 0.311398
1.209824 0.489927 1.518942 0.280568
0.071156 0.241215 0.645596 0.006080
2.945937 1.784278 1.848728 0.132340
1.902895 0.063581 1.034202 0.072121
1.263941 2.791867 1.538964 0.184852
1.873206 0.732759 0.017113 0.033800
1.865773 0.770484 0.240480 0.073649
1.135253 2.284413 2.844949 0.088935
0.327177 1.933486 0.556007 0.067722
2.749744 1.174807 1.541286 0.223046
0.808723 0.865359 1.920708 0.317958
1.077947 1.183480 0.672810 0.338478
0.914643 0.266868 0.903565 0.081787
1.563608 2.122512 1.200745 0.645745
1.223856 1.664997 1.508222 0.864357
1.850385 1.755552 3.012660 0.092739
2.489383 2.295034 0.876731 0.140902
1.209391 0.274642 1.931930 0.153182
2.116032 1.617896 1.066407 0.594121
1.861224 2.775036 1.797532 0.163087
1.662358 1.487587 2.722450 0.247567
0.257928 0.673828 1.956828 0.075210
1.282280 1.442076 1.756204 0.864357
0.748498 2.903330 2.199269 0.045421
1.457881 1.972702 2.996587 0.090817
1.748802 0.791233 1.612074 0.546621
1.604313 3.017537 1.919390 0.098750
0.979493 1.825734 2.660532 0.173630
0.480828 0.427204 1.605141 0.080091
1.201236 1.143900 2.451736 0.280568
2.476001 0.059047 0.530250 0.013482
0.670601 2.568828 1.076035 0.121725
1.326290 2.561372 0.296457 0.058465
2.901557 2.628748 2.027887 0.038370
2.157572 2.818460 0.937021 0.081787
2.350016 3.059012 0.982284 0.027931
1.308175 1.033030 0.268080 0.135135
0.529723 0.160425 2.078674 0.034522
2.966817 1.829944 0.747056 0.049413
0.958167 2.344247 1.848715 0.383571
2.471629 2.734610 0.747459 0.046388
2.134320 2.680653 3.044041 0.020292
0.839456 2.169737 1.211618 0.317958
1.588875 2.955555 2.878555 0.016375
0.286827 1.509109 1.324455 0.184852
0.158447 2.329095 2.717072 0.020731
2.892492 1.379761 1.584507 0.146915
2.624427 0.645637 2.949088 0.018232
0.415816 2.625203 2.909497 0.011579
2.017823 1.978684 1.457272 0.659337
0.567654 2.975697 2.155091 0.027931
0.288783 2.531850 0.372200 0.019030
1.160139 0.894560 0.622124 0.223046
2.036638 1.398050 0.648848 0.311398
0.556002 2.025255 1.137083 0.258113
3.077895 0.232985 0.657913 0.005300
1.768235 1.797469 0.604246 0.345608
1.971760 1.460377 1.071281 0.659337
2.744538 2.366770 1.572434 0.119206
2.491436 1.835434 1.394686 0.360321
2.748527 0.240440 0.352392 0.009096
3.050270 0.088634 2.392207 0.003820
0.279807 0.919589 0.456071 0.040024
0.524725 1.190866 2.490405 0.109640
1.287480 2.740821 1.840146 0.223046
2.401476 2.309674 1.707647 0.258113
0.683691 0.131473 0.794802 0.029142
0.070054 2.259586 0.328843 0.011834
0.447419 1.990805 1.527667 0.205185
0.932749 1.388785 0.881834 0.408318
1.957295 2.103678 0.159841 0.088935
2.205093 2.006123 0.711942 0.247567
1.679999 2.089692 2.356777 0.338478
1.636062 0.199681 0.390520 0.037568
3.096338 1.194882 0.380965 0.017845
0.156514 1.327176 2.295380 0.078430
2.331832 1.677252 1.177131 0.482388
0.031248 0.905301 0.336062 0.009934
0.272837 0.726018 1.331334 0.087092
0.161912 2.301427 1.061294 0.067722
2.315519 2.073972 0.355269 0.102970
0.570912 0.842491 2.610592 0.069158
2.642632 0.950465 1.342931 0.218440
0.602426 1.445742 1.722864 0.375659
0.700026 1.736779 1.528585 0.462699
2.697122 1.759667 2.364749 0.111958
0.434011 0.374085 1.055296 0.051537
2.904612 2.871506 2.335931 0.012095
2.053149 1.739616 1.570595 0.716622
1.430126 0.562138 0.670374 0.181033
3.088905 0.391478 0.146640 0.001787
2.947448 2.223115 0.136546 0.010380
0.561228 2.704568 0.873803 0.063589
0.325383 1.411797 1.598826 0.192732
2.655460 0.646854 0.301249 0.019030
1.409288 1.793102 1.954835 0.747103
0.783367 2.897411 1.253012 0.078430
2.437992 2.697892 0.621441 0.046388
3.031660 1.790043 2.747541 0.026207
0.823248 1.356524 2.249852 0.352888
1.450653 1.017894 2.465229 0.286480
0.190430 0.815089 1.740731 0.081787
1.369705 2.464521 2.219041 0.247567
2.838531 0.723933 1.939182 0.081787
1.824493 2.437039 0.894582 0.286480
2.937230 2.138501 0.416305 0.027345
2.367559 2.893442 0.432989 0.017466
2.672638 1.190326 0.951914 0.163087
0.017882 1.700151 1.111026 0.064938
0.534688 1.211192 0.210764 0.041749
2.109526 2.185880 0.125592 0.052632
0.846933 1.688341 2.580323 0.173630
2.420554 0.131316 2.808699 0.009934
1.275699 0.094147 0.975731 0.076803
1.378749 0.891076 0.277363 0.124297
3.097548 2.407404 1.348998 0.036013
1.059207 1.166554 1.985730 0.581873
2.707035 0.889530 1.152282 0.143877
1.784930 0.513884 2.045668 0.242457
0.092343 2.987852 1.032872 0.008702
3.087173 2.719258 2.536578 0.007615
0.140253 1.540870 2.794015 0.021635
1.492906 0.224043 0.952471 0.109640
1.571911 2.915817 0.502136 0.047376
2.169779 1.224840 2.895962 0.085287
0.761376 0.720909 0.758517 0.146915
1.264482 3.044702 0.031228 0.008142
1.242855 0.494399 2.290399 0.156416
1.065130 0.644496 2.537521 0.124297
1.738250 1.002232 0.377112 0.181033
2.108639 1.814881 0.916825 0.443813
0.439333 2.403480 0.268886 0.023065
2.275724 2.738838 0.098308 0.015350
0.821946 2.012673 1.246203 0.399897
1.277711 1.998673 1.936888 0.673214
0.894089 2.243083 0.504130 0.132340
0.294647 2.916102 2.031804 0.023562
1.134365 0.056937 1.606221 0.090817
0.149243 2.629113 0.332424 0.006507
2.875105 0.963498 0.971698 0.080091
0.618634 2.010924 1.096484 0.258113
2.732436 0.254627 0.009882 0.003555
0.374682 1.415934 2.736822 0.062268
0.142056 2.347524 2.986090 0.006507
0.360889 1.687086 0.911691 0.159717
0.502645 0.841886 0.272049 0.034522
0.863213 2.412888 2.124088 0.223046
3.012419 0.405769 2.664741 0.006656
0.378373 1.628474 1.584295 0.252785
2.540769 1.332873 1.814183 0.345608
0.085810 0.567564 2.717367 0.010610
2.672014 2.495073 0.940259 0.063589
2.103834 0.620602 2.216225 0.184852
1.008865 0.957318 0.933694 0.345608
0.894685 0.882307 0.504023 0.132340
1.810747 0.597291 2.442846 0.173630
2.949001 3.019305 1.236288 0.014387
2.543686 1.783333 2.222317 0.237451
0.524970 0.321079 2.203955 0.040024
1.054982 2.997637 2.468722 0.035260
0.899620 0.459022 1.290775 0.192732
2.001793 1.120895 2.683394 0.166529
0.960386 1.417569 1.130677 0.581873
3.094620 1.146449 1.882454 0.058465
2.611762 2.987898 2.431854 0.016375
1.468372 2.953298 0.326436 0.021635
1.520121 2.210234 1.643480 0.645745
0.493921 1.575414 2.132302 0.232549
1.036254 0.669771 1.162430 0.304972
1.594365 2.236443 1.708317 0.632433
0.810253 0.911918 1.129817 0.292516
0.939547 1.810226 0.074960 0.067722
2.539479 2.282650 0.202157 0.032399
1.505846 2.674316 2.253134 0.140902
2.633720 0.757969 0.014350 0.014079
1.566377 2.130547 1.778603 0.687383
0.546886 2.850803 1.515589 0.047376
2.864554 1.949703 1.058110 0.107370
1.368953 3.073734 2.039684 0.064938
0.237756 1.193048 2.139095 0.096704
3.060863 0.384052 1.212210 0.017845
1.279935 2.241041 3.006843 0.067722
2.238531 1.645276 2.531456 0.252785
1.673602 1.701190 2.418781 0.453158
1.693509 1.244540 2.458497 0.338478
2.191615 1.532292 2.165792 0.416917
0.925883 0.829415 0.615735 0.140902
1.902692 2.332056 0.613444 0.192732
2.766097 0.863104 0.462521 0.040024
1.588077 2.193454 2.331406 0.360321
0.008438 0.161324 2.793640 0.001887
0.362965 1.959636 0.904786 0.132340
0.075415 2.842700 0.605515 0.008142
0.078352 1.181454 0.570670 0.038370
2.086919 1.460996 1.910061 0.645745
0.683602 2.740442 1.893258 0.105147
1.021071 1.201373 1.617617 0.645745
2.873080 2.432716 2.074141 0.051537
1.074957 0.045283 0.824951 0.036783
0.668173 0.338704 1.280947 0.087092
1.943981 0.322363 2.941985 0.025656
0.352512 0.227240 0.951927 0.027345
0.400424 2.842664 1.717554 0.048384
0.103080 0.114912 2.067437 0.008702
0.038596 2.676040 1.836909 0.019030
2.170070 2.078613 0.105429 0.052632
0.794140 2.873938 0.961569 0.060974
3.059933 2.510761 0.275854 0.005809
2.336348 2.466363 1.343075 0.205185
0.936952 2.858801 2.442891 0.045421
1.462251 2.961236 2.605979 0.035260
1.111668 1.478839 2.358162 0.383571
0.536362 2.949086 0.705322 0.022102
0.274193 2.816627 0.868757 0.024587
0.355516 1.752849 2.050641 0.173630
3.009899 1.384987 0.261729 0.021178
1.044628 1.120030 2.208308 0.383571
1.191847 0.877050 1.775220 0.535351
0.005965 1.250466 0.697443 0.036013
1.971618 2.079225 2.282563 0.331495
1.572099 0.544495 2.817953 0.062268
1.990490 0.562161 0.444528 0.080091
1.667850 2.024088 2.909684 0.119206
2.569602 1.570487 2.102648 0.232549
2.261156 2.011186 0.914847 0.292516
2.323842 2.871582 1.095214 0.067722
2.867210 0.018198 2.965963 0.000836
1.176756 0.537015 2.139372 0.205185
1.501300 0.161740 1.991120 0.121725
1.220091 2.746844 0.149851 0.024587
1.027562 0.385233 0.633256 0.072121
2.571047 1.368455 2.847411 0.060974
1.454279 2.548647 1.073185 0.317958
1.312172 2.568386 2.954073 0.033092
1.523958 0.974517 2.503840 0.286480
0.954221 1.248589 0.875129 0.416917
1.748582 0.491582 3.082907 0.025116
0.114921 0.883380 2.083174 0.052632
1.911699 3.088232 2.778287 0.013778
1.383375 2.947921 1.402247 0.143877
2.137876 2.880137 0.101826 0.011834
0.112532 2.633445 1.966036 0.028530
1.944046 0.072764 2.267646 0.054893
2.127379 1.460350 2.325428 0.408318
1.503786 2.168753 1.627141 0.645745
2.895123 0.331575 1.490418 0.029142
3.038625 0.855412 2.696527 0.017845
1.326964 2.573117 0.528265 0.094701
2.614891 1.849870 0.659042 0.140902
0.037736 2.433005 2.580967 0.011834
1.001396 3.076790 2.522799 0.023065
0.913160 2.638274 2.333362 0.114324
0.893586 2.012922 2.229477 0.338478
1.004037 1.668535 0.908983 0.462699
2.296071 1.247601 0.734379 0.232549
3.068687 2.672149 0.761981 0.011084
2.638233 1.781141 2.711763 0.075210
2.716972 1.286330 1.129664 0.192732
1.423207 2.022632 2.620042 0.252785
2.556779 1.127976 1.781933 0.242457
1.226752 2.246383 2.091214 0.416917
1.727444 0.232448 1.871338 0.129603
2.669633 0.479791 2.433980 0.037568
2.618236 1.505882 0.541699 0.100838
1.282087 2.946878 2.986914 0.015350
2.892447 1.144975 0.267027 0.023562
1.920421 2.868735 1.835622 0.124297
2.198397 1.501276 0.627625 0.252785
2.445619 2.527861 2.067005 0.135135
2.690783 1.550390 0.000946 0.020292
0.266963 2.369468 1.444655 0.090817
0.230989 0.481172 1.670670 0.046388
0.813359 1.336322 0.157230 0.078430
1.927244 2.640069 3.077618 0.022579
0.587168 1.195276 1.100364 0.280568
0.594212 2.474355 2.373935 0.072121
0.673931 1.151907 1.468181 0.416917
2.096676 3.059217 1.892021 0.052632
0.756650 2.440585 2.950731 0.029142
0.771906 2.092486 1.773803 0.383571
2.755623 2.748083 1.546149 0.049413
1.585065 0.738371 1.415176 0.462699
0.698980 2.773448 0.346976 0.017845
0.602788 1.100548 0.244614 0.047376
2.043993 0.718000 1.511546 0.383571
1.180678 0.268522 3.005662 0.019030
0.537657 0.569709 2.936173 0.018232
1.080500 2.782730 0.713385 0.075210
2.756776 2.374286 1.902345 0.081787
0.358222 3.064522 1.169628 0.017845
0.543682 2.732144 2.166658 0.051537
0.333007 1.630995 0.516896 0.062268
1.427772 2.632070 1.752337 0.292516
2.911686 0.163283 2.079225 0.016026
1.762015 2.627487 1.260734 0.280568
2.060292 2.900002 1.492879 0.109640
1.252966 2.911945 2.939260 0.020731
1.427057 0.772423 0.545987 0.173630
0.887434 2.038811 1.665889 0.513502
1.294890 1.143327 3.096804 0.062268
0.828309 0.133621 2.867942 0.008897
0.971457 0.511506 0.770939 0.129603
2.067980 2.791865 1.041661 0.105147
1.409594 0.349826 1.752046 0.181033
1.980501 1.922870 1.436073 0.701850
0.470224 3.068776 0.487850 0.007787
0.530829 1.389958 0.633909 0.121725
1.429222 2.565021 0.526293 0.098750
0.505481 1.356694 2.356179 0.146915
1.323281 0.928129 2.860433 0.090817
0.718295 2.145457 0.282340 0.067722
2.208129 2.492993 0.630457 0.098750
0.818263 1.618942 2.857930 0.083519
1.806619 0.123667 0.367177 0.026207
0.764651 1.135451 2.225289 0.292516
2.518990 0.267890 0.857595 0.049413
0.089626 1.241639 1.121865 0.080091
0.313711 1.870161 1.739887 0.170042
0.631755 1.812932 2.748593 0.092739
3.061616 0.517602 1.254034 0.024069
0.168165 1.991101 2.255945 0.067722
1.215743 2.447111 2.270155 0.232549
0.244178 0.975644 0.336567 0.021178
1.795420 1.219711 1.500677 0.829096
1.840270 1.843227 1.187929 0.778880
0.101270 2.818045 2.207958 0.013778
0.327785 2.922470 2.723758 0.006962
1.874880 2.527830 0.942289 0.223046
2.314219 1.149569 1.565807 0.453158
1.272859 2.328943 0.821265 0.292516
1.031590 0.964143 0.010141 0.043547
0.510992 2.567910 1.989566 0.081787
2.065347 1.830470 0.469694 0.218440
1.316614 0.224734 1.954960 0.114324
1.584819 2.728783 2.134199 0.184852
1.579124 3.057604 2.776448 0.015684
2.113954 0.343769 1.984267 0.116740
1.900942 2.279788 2.542384 0.192732
1.970037 2.365245 2.738788 0.096704
2.781050 1.511172 1.870520 0.173630
0.434163 2.744066 2.315826 0.035260
1.788280 1.293086 0.410900 0.223046
0.804140 2.773807 0.529903 0.034522
0.649399 2.636216 2.033230 0.100838
1.546902 1.438369 2.411036 0.462699
0.574268 0.014177 3.000483 0.003072
2.553830 2.911709 1.530295 0.047376
0.370646 1.270051 1.830049 0.223046
0.221571 2.928914 1.637634 0.022102
2.204602 1.377482 2.830268 0.124297
0.409983 0.178590 2.872205 0.005180
1.804148 2.078469 2.311928 0.383571
2.422199 1.111124 2.533922 0.150016
1.791689 0.485306 1.663433 0.292516
2.127177 0.635053 2.245912 0.184852
2.160886 2.973925 0.330075 0.013778
2.772165 0.743961 0.784909 0.051537
0.588568 1.027174 0.222651 0.042638
0.234964 0.270100 1.105072 0.023562
0.216604 2.071414 1.557839 0.109640
0.111796 1.968286 0.705248 0.042638
0.335579 0.490297 0.668489 0.029142
2.465902 0.255696 0.181557 0.011084
2.781337 0.321896 1.079507 0.031056
2.011129 2.048891 2.330058 0.367910
2.046078 2.724022 1.197663 0.181033
2.398203 1.965655 1.740763 0.375659
1.255983 1.315171 2.075401 0.645745
1.134632 1.745693 0.878560 0.513502
2.296006 0.238641 1.154464 0.073649
2.824751 1.675372 0.887436 0.124297
0.373068 0.336979 1.505411 0.049413
1.401452 1.745054 2.181646 0.619396
0.133422 2.658393 1.676601 0.027345
0.125960 0.340420 2.163934 0.013778
2.227294 3.045516 1.658244 0.070624
1.032407 1.591206 0.236751 0.109640
2.299870 1.038729 1.048461 0.298680
2.705625 0.079169 0.357424 0.006656
2.369681 0.436990 2.358079 0.056059
0.208273 2.964201 1.971943 0.013193
2.386344 1.333516 2.226155 0.286480
0.587682 1.566008 2.163293 0.252785
1.838747 1.664183 0.876302 0.594121
1.629368 2.552408 1.148510 0.258113
0.244506 1.265664 2.381914 0.066315
1.037966 1.016863 1.907096 0.472441
2.605120 3.082592 0.961805 0.018627
0.266645 2.592794 2.054076 0.045421
2.688851 1.519491 1.551110 0.252785
1.521895 1.376276 0.389212 0.247567
1.065258 2.107952 1.396226 0.581873
1.288506 0.564893 1.751674 0.345608
1.693515 0.607955 0.330236 0.075210
0.793367 0.143847 1.634558 0.062268
0.188311 0.415239 1.749009 0.036783
2.539295 1.141062 0.020808 0.025656
2.579447 2.984983 2.902100 0.004832
0.676619 1.559594 2.702313 0.119206
2.371158 0.691718 1.823334 0.209512
0.406564 0.316970 2.803871 0.009299
1.719677 1.536611 0.945545 0.632433
0.047015 3.024971 1.026328 0.006219
0.991890 1.193004 2.754470 0.126922
1.980631 2.761444 0.466231 0.050464
0.080225 1.808209 1.540231 0.105147
0.955622 2.875065 2.279112 0.060974
0.620363 1.677270 0.508582 0.121725
2.404572 2.854305 1.904322 0.062268
1.011706 1.553647 3.021406 0.081787
3.077176 1.242945 0.235193 0.010380
2.712067 1.676352 2.706492 0.062268
0.043622 0.426404 0.913793 0.012910
1.924222 1.833898 1.788838 0.778880
2.363898 2.888402 0.381987 0.017466
1.978783 0.518734 3.040047 0.028530
1.516475 0.110821 0.556252 0.043547
0.670633 0.035122 0.113878 0.003820
1.684617 1.089064 0.410235 0.200948
0.791969 2.187814 0.664210 0.170042
0.763686 0.784960 1.028868 0.227748
0.276779 0.761523 1.371284 0.107370
1.967628 1.585406 2.148017 0.594121
0.192467 2.396543 2.071106 0.051537
0.390362 1.303449 2.329160 0.132340
1.695539 2.365752 0.009894 0.037568
2.637209 0.845145 2.703795 0.044474
2.456148 2.058151 0.980062 0.209512
0.641785 2.404352 1.515449 0.184852
2.373308 1.641396 2.370159 0.223046
2.949054 1.959544 0.362760 0.030404
2.322002 3.001411 1.190803 0.054893
0.161183 0.268110 2.774109 0.005300
1.079645 1.411442 1.092651 0.645745
0.670253 1.321404 0.078969 0.049413
2.187987 0.211309 1.599221 0.096704
3.088715 2.959782 1.754874 0.008142
1.981884 0.760133 0.852941 0.292516
1.234844 2.512716 1.634558 0.345608
0.295007 2.615998 0.482977 0.019442
1.103107 2.149262 2.615842 0.188751
1.600588 0.609295 1.063281 0.317958
1.733747 3.036157 0.416549 0.027345
0.063895 1.973169 2.078100 0.066315
1.550174 2.560464 0.405337 0.080091
1.590654 2.967914 2.905396 0.016375
1.108949 0.698776 1.971008 0.311398
1.966525 2.113003 1.618251 0.594121
3.053346 1.770530 1.296029 0.072121
0.651425 0.510255 2.930065 0.022102
2.262985 2.232538 0.294908 0.070624
0.232335 0.149807 0.363572 0.003730
1.899244 0.219551 0.563895 0.051537
0.846783 1.469199 2.366119 0.263553
1.434309 2.766645 1.763678 0.181033
1.175524 1.834924 2.255069 0.462699
0.608240 1.318071 1.956561 0.298680
2.204492 1.022882 0.425189 0.119206
0.183965 2.537506 2.945953 0.008325
2.670707 1.726707 2.900612 0.036783
1.381230 1.676596 1.135296 0.778880
1.864181 1.434176 1.901682 0.762826
2.076919 2.796669 0.360639 0.036013
2.181138 2.005486 2.620831 0.166529
0.643511 1.587629 2.627771 0.124297
2.320701 2.997385 2.197748 0.040024
2.859759 0.331254 1.363188 0.028530
1.590244 0.865201 2.524138 0.252785
1.731841 1.928761 2.464113 0.338478
1.240927 0.680047 0.544610 0.132340
0.174887 1.502060 2.649269 0.047376
0.386730 3.095363 1.554707 0.020292
0.600357 2.241942 2.905811 0.037568
1.853877 2.157597 1.763032 0.535351
3.077337 3.095492 2.464294 0.002099
2.718198 0.485846 2.978625 0.008511
1.306956 1.964964 0.424275 0.192732
1.860008 0.185712 2.743509 0.033092
2.303287 1.404523 1.104682 0.443813
2.450782 1.854140 2.421934 0.163087
1.856199 0.935389 2.999677 0.063589
3.077752 1.132206 2.566817 0.020731
2.327967 1.477064 2.581367 0.177293
2.945662 0.375382 2.394947 0.017466
0.769615 0.067388 1.787814 0.058465
2.565555 1.990572 1.758872 0.242457
2.837729 2.525119 1.055264 0.062268
0.819735 3.054153 0.810586 0.025116
2.342298 0.977272 0.647376 0.159717
2.622656 2.611766 1.221593 0.088935
2.419163 1.423578 1.457686 0.462699
0.262585 1.039635 1.127380 0.116740
1.249499 1.927159 1.416402 0.762826
2.570786 0.854535 0.589687 0.080091
2.257728 0.209103 0.365945 0.020731
2.388394 2.848150 0.146632 0.009934
1.982444 0.271302 1.393058 0.156416
0.103918 0.591968 1.164836 0.038370
2.905259 0.176586 2.521211 0.008325
1.777530 0.392421 2.174079 0.153182
1.255687 0.495107 1.966951 0.242457
1.422253 2.634146 1.482533 0.311398
1.647169 2.328370 1.818277 0.524313
0.557339 0.114435 1.431051 0.042638
3.044754 1.339837 2.592357 0.033092
0.208570 2.710443 0.239892 0.005180
0.796852 1.340188 1.525531 0.524313
1.553997 0.241983 1.721882 0.146915
0.539048 3.022613 2.029354 0.028530
1.257933 0.459972 0.562215 0.116740
0.578459 0.667567 2.505637 0.072121
1.115391 1.545777 2.907692 0.121725
0.710200 2.070795 2.483280 0.135135
1.489256 1.947002 2.351290 0.416917
2.193100 2.738682 1.347001 0.153182
2.946528 2.740200 2.730391 0.009096
2.706405 1.809777 1.998812 0.192732
1.979328 1.155022 0.899883 0.462699
1.951358 1.023701 2.308987 0.331495
2.031746 0.799415 0.850270 0.292516
0.178341 1.919363 3.009610 0.014387
3.066542 0.078131 1.240270 0.007615
1.688906 2.988190 0.641751 0.042638
1.203692 0.228046 2.411415 0.062268
3.030154 1.042484 0.580205 0.031720
1.644301 1.557916 2.663085 0.252785
0.613591 0.482391 3.066549 0.009718
2.291972 1.384567 2.705208 0.137989
1.788869 2.782784 0.312452 0.036013
2.750886 2.524957 0.219978 0.011084
0.526901 2.144762 2.685795 0.058465
1.778749 0.734056 0.614486 0.173630
0.996025 0.955221 1.966777 0.434660
0.672438 0.513641 2.026001 0.121725
1.305474 2.160554 0.853299 0.391649
0.446892 0.243207 0.007828 0.002580
0.577593 2.883646 2.559613 0.018232
0.568463 1.546173 0.043693 0.031720
0.441578 0.975983 0.676794 0.087092
2.244573 2.904668 0.336790 0.018627
1.772899 2.697460 1.636770 0.237451
1.672131 1.731976 0.459960 0.304972
0.481887 1.185465 2.102218 0.205185
1.029345 0.726803 0.572222 0.135135
0.951349 1.736346 0.350143 0.181033
3.023489 0.965228 3.062655 0.006219
0.081723 2.290749 0.985314 0.045421
2.046051 1.860055 2.887398 0.107370
0.564777 2.048650 0.918067 0.205185
1.996652 0.344260 0.078045 0.017466
3.002243 0.686110 1.656069 0.051537
2.854818 0.162041 2.746790 0.005180
1.709323 2.144465 0.631463 0.280568
2.354440 0.731262 2.574223 0.070624
0.937137 1.100020 2.562113 0.166529
0.487261 2.714218 1.654385 0.078430
2.682449 2.763063 3.080260 0.003555
1.146830 1.567521 0.967420 0.594121
0.801296 1.255081 0.992296 0.383571
0.258316 0.669392 1.548003 0.092739
0.526561 0.163239 1.787388 0.044474
1.847294 1.133554 2.740677 0.192732
1.974061 0.952082 0.765958 0.331495
1.227101 1.572772 1.952017 0.716622
0.264866 2.094141 0.061337 0.015684
2.793441 0.557893 0.323646 0.014701
1.750254 2.131590 0.755524 0.383571
2.508047 0.536463 1.785585 0.116740
1.915822 2.505656 2.684871 0.087092
2.678104 1.040253 1.632386 0.184852
1.562082 2.774573 1.112954 0.159717
1.861025 2.498870 0.355570 0.087092
2.450342 2.935868 1.568253 0.058465
1.639122 1.471166 0.010618 0.081787
0.346499 1.958163 0.179151 0.023562
2.964103 2.139501 1.619874 0.081787
1.145357 2.273083 2.461598 0.177293
2.117466 1.973443 1.701957 0.581873
1.366030 1.813372 2.606141 0.292516
2.979493 2.535208 1.213139 0.038370
1.791988 0.879406 2.400616 0.286480
1.838619 0.466512 1.808307 0.280568
2.872559 2.689603 2.604063 0.011579
0.986449 0.809143 2.361857 0.192732
2.766094 2.596387 2.430273 0.029142
2.145349 2.680139 2.588056 0.058465
1.232650 2.691198 1.700537 0.218440
0.456784 1.705012 2.483724 0.121725
0.620115 2.899042 0.656015 0.027345
1.713636 2.746667 0.420652 0.062268
0.331861 0.008984 1.173759 0.013778
2.793184 1.424909 2.838298 0.037568
2.273921 0.491573 1.744503 0.173630
3.017032 2.412240 2.035006 0.042638
1.392057 0.518223 2.377035 0.146915
2.981531 2.450855 0.448025 0.010610
0.246176 1.230298 2.582747 0.041749
2.395809 1.201682 1.130518 0.338478
1.201551 0.515502 2.160326 0.181033
0.530125 1.236780 0.662205 0.132340
0.221213 1.398937 1.717255 0.143877
2.059274 2.474918 2.024339 0.232549
0.814089 3.011269 1.398273 0.060974
2.098565 0.386236 1.551848 0.184852
0.112952 2.778568 2.012329 0.017466
0.821022 2.803417 2.801704 0.021178
2.901032 0.145765 0.721669 0.007447
0.418943 1.958329 2.762227 0.040024
1.778133 0.327368 2.154024 0.119206
1.739645 1.205206 2.531311 0.338478
2.859579 1.463309 1.883801 0.132340
2.364102 2.670110 0.347961 0.023065
2.433563 2.647199 1.255463 0.140902
2.103084 0.664897 2.350687 0.163087
1.500848 2.647663 0.980394 0.232549
1.161817 2.355314 0.825293 0.232549
2.651502 1.461427 3.082234 0.020292
2.343324 0.662435 2.906144 0.039188
0.826356 2.108578 1.654522 0.399897
1.554386 2.162850 0.072210 0.072121
0.218904 0.655835 1.259377 0.066315
0.155012 1.238232 0.205654 0.019442
2.573449 2.977770 2.051342 0.025656
1.148445 1.063786 1.176202 0.581873
0.682064 0.858681 0.076286 0.033800
0.632463 1.231094 0.418735 0.087092
1.308710 1.083367 2.016118 0.619396
1.935458 0.806957 1.149570 0.399897
2.737684 0.230783 1.400362 0.036783
0.232210 1.847743 2.405467 0.066315
0.672146 0.742227 2.658935 0.056059
2.154458 2.305033 2.410536 0.170042
2.673779 0.902131 1.372193 0.159717
0.792775 1.969192 2.848042 0.088935
2.768426 0.880639 1.242450 0.111958
1.777014 3.019391 0.444694 0.026207
2.649722 0.142474 2.941101 0.004832
1.485387 0.381066 1.922690 0.223046
2.888008 1.737712 0.919645 0.094701
2.268155 1.798806 0.890932 0.338478
0.428671 0.965816 2.061889 0.135135
1.510027 2.754528 0.573711 0.076803
2.630169 1.033140 0.856360 0.150016
2.503232 1.407864 0.398393 0.096704
1.101347 0.180266 0.753102 0.067722
1.539901 1.726530 1.609705 0.979392
2.198911 2.390010 1.071498 0.247567
2.805983 2.426116 2.112870 0.067722
0.601850 3.050765 2.031344 0.025656
1.194124 1.584637 1.540344 0.882546
0.525749 1.059961 1.886155 0.227748
2.543139 1.580613 1.390990 0.383571
2.800372 0.081329 3.059878 0.001269
2.050035 2.995952 2.567543 0.025656
1.271581 0.161724 3.061889 0.011084
0.336896 1.274227 0.005965 0.014701
2.334481 0.880407 2.873979 0.053751
2.054356 2.253659 2.226770 0.263553
2.177815 1.931047 2.535068 0.223046
2.720345 2.859044 2.041966 0.030404
0.956441 0.843600 0.813857 0.227748
0.230720 0.245717 2.297937 0.012095
2.457848 0.867302 1.874263 0.223046
2.706345 0.767968 0.101979 0.015350
1.001626 2.857833 1.271808 0.102970
0.539319 2.911114 2.543634 0.018232
1.696657 2.127985 3.014016 0.080091
1.807547 2.832872 0.853972 0.119206
1.543660 2.882583 1.650267 0.146915
2.770140 2.290352 0.030293 0.008511
2.826817 1.705841 0.586689 0.075210
0.362098 0.481157 0.821108 0.044474
0.373216 2.044529 1.400354 0.200948
2.084452 2.247044 2.071018 0.345608
1.754740 2.799426 1.201901 0.163087
1.307897 1.365245 1.072945 0.747103
1.749665 1.920816 1.306052 0.812008
0.788983 1.980890 2.921899 0.067722
0.024091 0.834696 2.091244 0.033092
1.887351 2.834547 1.304845 0.163087
2.213787 0.863993 2.618389 0.132340
0.875691 1.028616 1.489320 0.472441
1.006516 1.540885 0.901373 0.472441
3.051448 0.604280 0.946750 0.020292
2.841795 0.264329 2.581699 0.011834
2.512296 2.704655 2.116669 0.072121
1.998646 1.904689 0.135468 0.080091
0.517302 0.093155 2.903324 0.004832
1.227798 2.519605 2.277032 0.192732
2.078094 0.098877 0.190834 0.011834
0.261304 0.233540 3.003108 0.002782
0.372404 0.823800 2.643741 0.044474
0.428218 0.069605 2.272667 0.015350
1.798369 1.739569 2.043496 0.747103
3.099492 2.391669 0.452608 0.011834
2.878149 0.081740 2.555829 0.004832
2.599793 2.456973 2.781771 0.024069
1.117340 0.928858 2.098209 0.383571
2.138493 0.475121 1.417899 0.227748
2.484129 2.594115 2.221355 0.080091
2.831341 0.489729 2.406315 0.029142
2.986085 1.610641 2.627030 0.035260
1.145928 1.719962 2.105684 0.581873
0.592498 0.752681 2.967147 0.024069
2.027743 1.194331 3.095207 0.058465
0.991642 2.358120 1.736822 0.338478
2.465376 2.687221 2.927189 0.014387
0.171002 2.488202 2.764439 0.011084
1.422129 0.759473 2.954103 0.060974
2.529650 0.214000 0.637447 0.022579
2.014125 2.415567 1.203467 0.338478
1.797260 1.542706 2.264028 0.524313
1.604912 2.187187 0.437865 0.163087
0.842920 0.324214 0.978052 0.080091
0.086803 2.738010 2.702510 0.006656
0.145794 2.478298 2.670148 0.010610
0.311705 1.047097 0.228921 0.021178
2.959807 2.345852 1.141700 0.050464
2.688649 0.908443 0.433825 0.040877
2.988101 0.483423 1.946618 0.031056
0.044632 1.567432 2.148320 0.059707
1.048369 2.505889 2.774128 0.056059
0.830587 0.566266 2.574071 0.069158
2.349447 1.563803 1.680940 0.546621
1.188545 2.707203 0.486326 0.070624
0.161852 2.097743 2.808247 0.021178
2.808832 2.957700 0.813988 0.011834
1.033467 2.691472 1.430568 0.181033
3.039208 1.505473 1.617293 0.111958
0.539289 0.710069 1.793073 0.140902
0.169937 0.049617 3.045018 0.000836
2.518388 2.212929 0.844256 0.140902
1.039048 1.608566 2.559842 0.232549
2.353578 2.782800 2.296101 0.051537
1.034776 2.757458 2.301563 0.080091
2.446328 1.585094 2.619545 0.150016
0.780607 1.701958 1.130898 0.443813
3.073671 1.548185 1.680881 0.080091
1.009337 1.005916 2.140689 0.391649
2.830823 0.066727 2.736001 0.005062
0.492822 1.290697 1.625702 0.298680
0.090778 1.341433 0.747984 0.049413
0.482760 0.730155 0.821793 0.083519
0.513571 1.549401 3.079096 0.025656
1.230189 0.192143 0.725502 0.062268
1.845703 3.060295 1.495648 0.076803
1.474307 2.350319 0.550625 0.184852
3.014094 2.177120 1.393138 0.070624
1.232030 0.806845 0.659286 0.232549
2.371187 2.094933 0.249395 0.051537
0.446315 1.509091 2.024655 0.205185
0.382921 0.986005 2.538351 0.072121
2.557084 1.747332 1.169661 0.274778
0.928473 1.590223 3.073676 0.052632
0.431473 1.271588 2.933333 0.035260
1.560909 0.220646 0.746427 0.070624
2.726445 2.339649 2.981706 0.015350
1.917801 3.098257 1.092920 0.058465
1.373311 0.845926 0.774966 0.304972
1.234081 1.846388 2.398440 0.391649
1.247528 2.826531 0.101342 0.019030
2.534711 0.370741 2.648998 0.031056
2.060700 1.686810 2.126627 0.524313
2.165925 2.779112 1.878556 0.111958
1.312490 0.061499 0.931304 0.067722
0.989640 1.449251 1.514324 0.716622
1.895904 0.173393 1.720804 0.129603
2.273050 2.964680 1.709719 0.060974
2.467403 2.626579 0.443069 0.031056
2.808606 2.375234 1.887597 0.081787
2.847235 1.908548 2.626805 0.054893
1.653735 2.514223 1.919367 0.338478
2.555835 0.019129 0.312077 0.004613
1.970602 2.664895 2.856104 0.030404
0.454574 0.607498 2.601163 0.039188
1.809090 1.262381 1.533484 0.882546
2.671160 1.707575 0.202454 0.036783
0.045799 1.138813 0.149508 0.006962
0.846985 1.729858 2.392368 0.258113
0.979696 2.315497 2.410978 0.192732
2.269805 1.512392 0.081751 0.062268
0.015393 1.914721 1.709855 0.070624
2.784282 0.615533 0.516157 0.024069
1.152268 2.319651 2.422483 0.232549
0.306005 2.308595 1.006096 0.080091
2.377062 0.007130 1.399833 0.037568
1.994091 1.476635 2.993176 0.090817
0.821936 2.702095 3.064402 0.011084
0.867761 1.650294 2.338384 0.352888
1.372832 2.354677 1.676237 0.453158
1.364128 2.566355 0.410515 0.078430
2.575978 1.324160 1.697036 0.292516
1.438104 0.776008 0.306550 0.107370
1.655493 2.285047 2.438899 0.258113
1.899532 0.719640 2.651043 0.105147
2.376640 0.348921 0.439330 0.023065
2.996064 1.732993 1.955112 0.088935
1.832397 0.952519 1.536769 0.687383
0.493677 2.708001 1.819868 0.075210
0.898002 2.884424 0.702637 0.045421
2.824451 1.800804 0.394094 0.046388
3.023510 2.312660 2.470097 0.024069
0.468134 1.758652 2.150301 0.192732
2.124240 0.445281 1.851029 0.163087
1.112598 0.933280 0.422405 0.132340
0.668567 1.690926 2.237309 0.298680
2.595036 0.884660 2.604038 0.064938
2.133875 2.653790 2.261951 0.102970
1.959389 2.679569 1.434189 0.200948
1.534348 2.281930 1.506315 0.558128
1.100815 2.133826 1.500510 0.594121
2.911706 1.649898 2.471979 0.058465
1.109146 1.276268 2.021861 0.619396
1.003627 2.035257 2.899921 0.088935
1.731961 0.759631 2.903150 0.081787
1.622042 2.573822 0.336183 0.062268
2.618796 1.197471 2.029864 0.227748
0.906545 1.277385 2.092739 0.443813
0.638256 0.486034 0.209915 0.018232
0.060409 0.923616 2.180238 0.046388
0.712935 2.071153 0.807334 0.192732
0.267914 1.640377 0.389309 0.049413
1.167227 0.199361 1.329930 0.124297
0.488399 2.207928 2.894822 0.030404
0.636676 2.681378 1.852249 0.087092
1.577727 1.001646 1.717398 0.716622
0.797428 2.800867 0.473027 0.034522
1.670929 2.328599 0.510434 0.173630
1.077457 1.423082 0.160265 0.119206
2.049846 1.500898 3.006711 0.090817
2.647186 2.226550 2.940280 0.030404
0.274484 1.267012 1.180003 0.163087
2.351145 0.842955 2.351763 0.124297
1.172962 0.150616 0.734053 0.062268
0.907406 1.050778 2.519913 0.205185
3.040668 0.769950 1.471809 0.062268
0.568047 1.268588 2.567453 0.116740
3.006396 3.054397 2.843137 0.001269
2.041265 0.958254 0.190197 0.088935
0.904709 2.080680 2.782093 0.092739
0.774467 2.480552 1.715180 0.213930
1.379647 0.899102 2.408394 0.298680
2.382434 0.396059 0.934615 0.076803
2.624053 0.613343 0.994767 0.090817
1.811459 0.825239 1.755511 0.492545
2.964790 1.830186 2.871282 0.015350
2.245223 2.438916 2.462661 0.119206
3.050008 1.476406 0.569465 0.031720
1.543279 1.228715 0.690815 0.416917
3.013976 0.631627 0.949031 0.027931
1.408932 0.279220 1.826528 0.181033
2.724276 0.583417 1.680303 0.096704
0.216555 0.016225 1.985929 0.009506
3.092342 1.351418 1.865956 0.070624
1.249327 1.874337 1.591429 0.778880
2.628963 1.684338 0.193141 0.046388
0.852082 1.283230 0.937344 0.391649
2.033742 2.991995 3.039026 0.009718
0.673830 2.917995 2.292017 0.039188
1.068749 1.384999 0.092959 0.088935
0.462814 0.336414 0.723922 0.029142
0.512367 1.961480 2.060946 0.188751
1.254859 1.594975 2.086994 0.687383
2.072560 1.295281 2.199904 0.443813
2.795173 1.327445 1.453946 0.184852
2.475128 0.971351 2.293368 0.159717
1.361118 0.910402 2.954907 0.070624
1.437582 1.996875 1.602257 0.795272
1.268636 1.159683 2.177050 0.535351
1.677262 2.716777 2.228574 0.159717
0.588711 1.142703 0.561913 0.124297
2.201519 1.607391 1.360338 0.632433
1.753663 1.395771 0.101360 0.102970
1.732132 2.532728 0.698749 0.181033
2.897921 0.466643 1.888709 0.041749
0.180331 0.115976 2.636596 0.004832
2.057685 1.911888 0.820531 0.360321
3.092387 0.488137 2.181203 0.016375
1.402578 0.666141 2.283467 0.258113
2.384311 1.497696 0.964587 0.345608
1.379705 3.062631 1.373330 0.078430
3.022698 2.443739 0.921114 0.033800
3.067761 2.974453 0.469216 0.002390
1.988464 1.453180 1.833027 0.762826
2.874615 1.725351 1.055712 0.119206
2.693298 2.049985 2.612208 0.064938
1.083088 0.318034 1.211192 0.140902
0.336723 2.010038 3.079887 0.012633
0.420684 1.543230 3.020179 0.027931
1.319388 2.534353 0.605418 0.143877
0.117219 2.706046 2.947798 0.003730
0.496826 1.430309 2.695347 0.078430
0.328962 0.170795 0.896945 0.018627
1.406456 1.537833 0.672159 0.462699
1.172083 0.119657 0.715876 0.046388
0.414952 0.108591 2.804296 0.005062
2.476109 1.584741 0.889122 0.252785
0.495448 2.321033 1.511104 0.177293
1.128733 1.455368 2.044788 0.659337
0.484509 2.977626 2.423865 0.016375
1.164229 2.552252 1.198615 0.247567
2.620829 0.200344 0.357664 0.011579
1.558200 2.274934 0.960870 0.408318
0.206441 0.754112 2.220263 0.053751
2.882983 0.486909 0.722603 0.022102
1.075782 3.037096 2.535755 0.035260
0.500204 0.979702 1.567474 0.232549
0.339032 2.683505 3.050483 0.003555
2.379403 3.061146 1.607483 0.038370
2.157341 0.649260 0.847781 0.140902
2.349306 1.156750 1.469748 0.492545
2.276434 2.780489 2.635890 0.034522
1.734554 2.480027 0.500787 0.121725
2.136918 0.984098 0.866419 0.345608
0.217117 0.133325 0.885069 0.010380
1.943253 2.874705 2.903508 0.019442
0.145472 0.690832 0.048512 0.003820
2.658592 0.718490 0.573208 0.046388
1.931037 1.155135 2.810944 0.153182
2.088598 0.499510 1.418864 0.227748
0.716552 1.824255 1.827045 0.416917
1.708906 1.104069 2.777950 0.156416
1.923216 2.427318 0.525892 0.132340
0.305871 3.015442 0.567075 0.008142
0.540444 2.197776 1.170769 0.181033
1.276784 0.698592 1.144741 0.360321
0.323856 2.012755 1.240810 0.140902
2.513242 2.521914 1.226524 0.135135
1.979985 0.885721 2.200503 0.338478
0.472322 2.049069 2.025330 0.209512
2.435983 0.449087 1.425434 0.116740
2.329628 2.984773 0.075707 0.006507
0.301868 1.458415 2.042930 0.159717
1.288490 2.131748 2.101301 0.502914
0.409676 0.013732 2.380726 0.009299
2.355008 1.827104 0.387695 0.111958
1.026804 2.349313 2.735522 0.102970
2.022372 1.962877 1.791803 0.619396
3.090167 1.264051 2.634729 0.024069
2.279514 1.650948 0.819601 0.304972
3.024796 0.554223 2.478842 0.016731
1.709437 1.610476 2.726482 0.247567
1.579384 0.467984 2.388857 0.150016
0.558413 0.915763 0.378849 0.063589
2.063348 0.967894 1.520906 0.535351
1.472909 0.582550 2.071220 0.286480
2.408320 0.904399 1.311167 0.286480
2.993237 1.285375 0.488932 0.033092
0.211835 0.432720 2.408792 0.017466
1.587676 2.354429 0.903255 0.304972
0.019876 2.022678 2.797837 0.012633
1.768793 0.860125 0.801544 0.338478
0.416068 2.844152 1.843238 0.046388
1.274723 2.919118 0.659555 0.066315
0.963597 1.233350 0.901086 0.416917
3.068919 1.301658 0.804786 0.042638
2.274659 1.471423 2.402527 0.263553
2.843025 0.952071 2.174720 0.092739
1.856609 1.105839 0.370195 0.181033
1.352441 0.444937 2.772685 0.048384
2.720881 0.537995 2.596335 0.025116
2.370601 1.793030 1.097723 0.360321
2.946156 3.004739 2.390553 0.007447
1.843143 1.743217 0.721948 0.434660
2.091385 0.420166 2.102354 0.135135
2.138505 0.942592 0.961520 0.345608
3.086202 1.837930 0.201546 0.011084
0.972566 0.990754 2.009200 0.434660
1.780595 3.035564 1.316745 0.098750
1.744582 2.250548 1.602073 0.546621
2.000718 0.537503 0.055800 0.028530
2.318085 2.139962 1.666913 0.399897
2.890708 0.289018 1.895031 0.025656
2.655486 0.209691 2.735969 0.009096
0.282625 2.678205 1.853470 0.043547
1.201516 0.711252 1.262899 0.391649
0.154990 0.749157 2.623607 0.022102
2.085776 1.892663 2.282209 0.360321
1.369606 2.941881 0.661172 0.069158
3.089462 3.033912 2.156951 0.005424
0.675815 1.706005 0.148262 0.051537
1.677923 1.501582 2.794049 0.192732
2.889423 3.090492 0.046727 0.000462
1.771474 1.667728 0.965014 0.673214
1.378005 0.836412 2.149526 0.399897
2.804972 1.868422 1.290623 0.163087
0.351562 2.409840 2.869048 0.017466
2.951438 2.367873 1.524178 0.052632
2.478964 1.070310 3.043846 0.035260
2.090498 2.308031 0.577848 0.159717
1.602108 1.436472 0.471053 0.311398
1.773456 2.458607 1.825389 0.345608
2.515427 1.705825 2.981682 0.042638
0.125956 2.857709 1.292011 0.015350
0.567046 2.626832 0.321344 0.024069
0.195557 0.214635 0.487288 0.006656
1.311796 1.873414 1.440268 0.812008
0.131890 0.148134 0.209055 0.001346
1.814847 2.859067 0.402085 0.035260
2.185068 1.616226 1.823936 0.606627
0.907459 0.108794 0.866378 0.046388
1.284589 2.512338 1.089120 0.298680
0.560937 0.917537 1.941673 0.223046
2.645758 2.832931 1.526586 0.062268
0.170409 0.047666 0.312372 0.001887
1.977104 0.944530 1.670938 0.513502
0.806841 0.036909 2.281232 0.025116
2.216668 0.617166 2.857740 0.037568
1.333340 0.333290 2.181563 0.119206
2.512558 0.979114 1.639617 0.286480
1.276373 0.505231 1.761219 0.280568
2.819172 0.241587 2.768812 0.005300
0.596913 2.094806 1.123173 0.232549
2.732092 3.081866 2.668729 0.004721
2.143653 0.218462 2.129485 0.080091
1.627069 2.118482 2.224355 0.472441
2.858474 2.660659 1.620440 0.037568
0.441226 1.754709 0.030390 0.019030
2.811484 2.028233 1.991377 0.129603
2.523457 1.345795 1.934409 0.324656
1.961823 1.010820 0.587876 0.232549
0.638211 1.802236 0.201025 0.054893
2.050471 2.865811 0.035190 0.008511
1.808607 0.372037 0.750583 0.132340
1.027519 2.111503 2.476944 0.209512
0.287130 0.267146 1.633973 0.038370
0.895130 2.010049 0.698699 0.247567
2.039180 1.364454 2.499218 0.311398
0.699475 1.424717 1.149295 0.375659
0.933871 1.085258 2.057859 0.383571
1.803219 2.736873 1.859157 0.209512
0.104662 0.252371 0.920197 0.013778
1.065611 1.147452 0.794943 0.367910
0.874908 0.527701 0.660007 0.096704
0.204131 0.982265 2.043538 0.088935
2.628883 0.050526 1.589463 0.035260
1.139310 2.692799 0.351724 0.051537
1.128392 0.482008 2.491709 0.100838
0.204810 0.812657 2.332680 0.046388
0.268905 1.067261 0.845100 0.088935
2.522960 1.636440 2.192430 0.252785
1.626663 0.724906 1.394076 0.462699
1.677231 1.533765 2.280464 0.546621
1.459173 2.850221 2.217875 0.096704
0.828576 0.118418 0.665511 0.029142
0.460832 2.385304 0.712924 0.070624
0.226362 1.386316 0.429584 0.036783
2.804767 1.640946 2.421061 0.092739
0.202577 0.978844 0.358590 0.027345
0.178516 0.910054 2.894106 0.014079
2.215238 2.686018 0.766286 0.090817
0.122544 0.542101 0.495526 0.010844
0.472683 3.083945 1.806000 0.024069
1.208446 0.661122 1.185199 0.367910
3.036872 0.255660 1.282955 0.020292
1.343459 2.160094 2.201728 0.391649
0.669891 1.104084 2.833774 0.075210
1.993404 1.380827 1.400504 0.778880
2.940422 1.145942 2.095411 0.088935
0.530012 0.467792 2.336994 0.056059
2.163158 2.123923 0.291577 0.092739
1.737661 0.742683 1.744526 0.453158
0.427433 0.263892 2.543241 0.019030
1.445483 2.181691 1.569887 0.632433
1.770447 0.767881 1.033484 0.383571
1.655758 1.885347 1.578352 0.864357
1.603343 2.412127 2.142053 0.345608
2.825570 0.888109 0.889974 0.081787
0.160090 0.803121 0.521212 0.026207
0.417520 2.721624 2.805066 0.012095
0.266156 0.346721 0.528270 0.011834
2.593126 1.960554 3.012162 0.028530
0.858515 0.644736 2.427081 0.119206
2.151026 2.112877 1.079223 0.383571
0.003708 2.870044 1.784000 0.011084
2.839247 1.491476 2.951857 0.021635
2.996945 0.683321 1.597145 0.052632
2.408371 2.275320 1.902694 0.232549
0.870600 2.935583 2.602087 0.030404
2.856595 1.032856 0.784620 0.060974
1.587821 1.071496 1.347180 0.762826
1.003829 0.298532 2.048236 0.116740
1.230858 1.310782 0.027048 0.067722
0.587922 2.367392 2.662634 0.046388
0.296749 1.326833 1.897932 0.163087
0.918843 2.579356 1.692919 0.200948
1.565495 1.963859 0.341674 0.159717
0.036786 1.614695 2.065010 0.059707
0.816619 2.085584 1.416415 0.399897
1.167990 2.562090 2.975468 0.031056
2.461369 2.609691 0.257346 0.024069
1.899948 2.334127 0.311482 0.096704
1.924913 2.589087 1.232294 0.247567
2.642533 0.013968 0.483195 0.007787
0.632424 1.468292 2.498243 0.153182
2.390398 1.309062 2.844546 0.087092
0.766123 2.419486 0.447572 0.066315
2.811856 1.715566 1.781352 0.181033
0.784953 0.490002 2.551072 0.056059
0.846465 0.739318 2.614948 0.083519
2.138677 0.888047 2.590771 0.150016
3.032856 2.454061 0.841886 0.024069
0.977765 1.873489 1.260320 0.606627
1.012252 1.780904 2.395598 0.324656
0.116816 3.097390 1.331840 0.008142
1.281138 2.126809 1.089368 0.558128
0.586854 2.747260 2.012718 0.080091
0.416226 0.371025 0.903508 0.040877
2.158569 0.393683 3.058797 0.012910
1.291508 2.622658 0.020800 0.024069
1.862081 1.148798 2.610904 0.227748
0.019164 2.773419 2.423799 0.007120
0.408136 0.317928 1.017537 0.036013
2.869721 2.950667 1.474799 0.016375
1.741439 2.162973 1.262373 0.594121
1.672477 2.407190 1.071305 0.375659
1.983159 0.397076 1.532615 0.205185
2.373958 0.005242 1.862609 0.033800
0.576885 2.806427 0.166119 0.011084
2.881954 1.575963 0.676372 0.070624
2.295929 2.132616 1.464405 0.408318
0.406481 2.780198 1.270945 0.046388
2.537458 1.324591 2.843709 0.072121
1.646367 0.774892 0.365962 0.140902
0.763946 0.972592 2.711788 0.102970
0.768235 2.223244 0.078956 0.040024
0.922839 2.486311 1.287496 0.237451
3.036624 2.128686 2.760394 0.015684
1.082519 2.396485 2.917856 0.057250
2.306393 0.459716 0.913209 0.114324
1.160652 0.695087 2.670779 0.105147
0.618712 3.038039 1.310544 0.040877
0.935502 2.653416 3.094018 0.012910
1.323925 0.196397 2.814472 0.027345
1.322431 1.715378 0.968306 0.673214
2.735813 0.965369 2.246368 0.119206
2.459894 1.558221 3.079718 0.031720
0.425331 1.193439 1.254833 0.209512
0.689050 0.871076 1.359930 0.298680
2.770118 1.742374 2.569837 0.060974
0.739452 2.476188 1.352983 0.181033
2.034458 1.062300 2.734851 0.166529
0.786138 1.113048 0.937504 0.292516
1.712041 0.848689 2.731429 0.137989
0.382465 3.033106 1.050310 0.022579
0.639151 2.319746 1.937498 0.192732
0.513481 1.629320 0.753460 0.177293
1.600545 0.343480 0.278326 0.038370
0.034908 0.316767 1.855501 0.013778
1.237880 2.697968 1.173689 0.196797
2.999023 1.446111 1.636352 0.109640
2.347599 1.147067 2.825287 0.088935
2.684263 0.353567 0.634174 0.024587
2.284236 0.337427 1.051379 0.088935
1.097453 0.634028 2.385419 0.150016
2.606912 2.730425 0.398846 0.019863
0.941780 1.933515 1.181580 0.502914
0.605982 2.355955 1.729344 0.181033
2.098230 1.225629 2.402241 0.304972
2.714723 0.289516 2.287075 0.027345
0.079440 0.366388 1.453542 0.027931
0.167308 2.739915 0.220162 0.005180
0.348960 2.896187 1.162985 0.025656
1.991068 2.848692 2.712310 0.040024
2.641218 2.215526 2.747485 0.051537
2.443617 2.906133 2.576128 0.022102
2.726545 2.328908 1.401408 0.137989
0.256973 0.433966 0.630442 0.019030
2.558706 1.881509 0.181858 0.041749
2.689512 1.767601 0.424294 0.059707
1.970383 0.071779 1.825508 0.085287
0.686548 1.845994 0.769786 0.247567
2.991061 2.232913 2.745390 0.017845
0.974715 1.684308 1.587430 0.716622
2.571659 1.709336 1.753376 0.292516
2.928599 1.220337 0.380411 0.033092
0.001271 0.436732 1.564306 0.020292
2.695741 1.790838 1.009694 0.173630
0.117634 1.708056 1.884954 0.096704
2.295291 2.566575 0.982146 0.129603
2.637403 2.346984 0.412796 0.044474
0.106972 0.700278 1.892200 0.046388
0.304827 1.851306 2.035377 0.140902
1.404409 0.241820 0.122046 0.016026
2.491647 1.607970 0.607370 0.153182
0.678215 2.588839 0.598661 0.058465
0.663441 1.808100 2.360476 0.209512
1.677476 2.329835 1.573157 0.546621
1.934534 2.255241 0.951050 0.360321
1.824693 0.230437 1.989724 0.114324
0.643732 1.363408 0.964089 0.280568
0.792213 2.176205 1.926250 0.317958
2.822021 0.028926 0.820070 0.008511
1.227654 2.512792 0.388241 0.087092
1.993317 0.766048 0.649912 0.177293
1.846329 2.346811 0.067093 0.058465
2.855382 2.265108 2.238275 0.053751
2.063673 2.662499 2.526000 0.072121
2.483217 0.209492 0.428096 0.014387
1.789245 2.627602 2.735264 0.075210
2.948695 0.105683 0.933952 0.010380
0.936494 2.135036 0.734452 0.223046
2.821139 0.037013 0.814800 0.008511
2.194779 1.162319 2.506904 0.223046
0.000696 1.196552 1.921900 0.063589
0.726077 0.017774 2.140077 0.027931
0.687220 2.795700 0.313362 0.017845
2.275208 0.178845 2.392170 0.039188
1.453279 2.127109 0.066484 0.081787
2.551556 1.182199 1.181627 0.247567
1.890740 0.817413 0.225726 0.073649
2.273556 1.380558 2.563868 0.173630
0.947123 1.750142 2.709972 0.153182
2.384863 1.258457 0.976954 0.324656
0.938007 1.884845 1.234897 0.502914
2.702352 0.017280 1.511744 0.020292
2.834864 1.374636 2.158101 0.124297
2.759280 2.432051 0.880691 0.059707
1.976085 1.793459 2.629239 0.242457
0.969221 2.255465 1.061862 0.331495
1.798066 1.171049 1.811057 0.778880
1.175585 2.194963 2.912383 0.085287
2.999618 0.750545 3.013791 0.006507
2.547919 0.544935 0.847492 0.069158
2.705714 1.963449 2.972629 0.022579
2.005596 2.233211 0.771301 0.292516
0.110170 2.842712 1.413038 0.021178
0.544835 2.798530 1.892781 0.054893
1.180817 1.207630 1.134277 0.632433
0.681482 0.786656 0.434907 0.066315
1.611725 2.359363 3.075008 0.038370
2.462394 2.276214 0.164549 0.032399
0.792265 1.475940 2.715918 0.140902
2.207882 3.081073 1.130970 0.042638
2.746057 0.884101 1.756258 0.153182
2.550611 1.148930 0.321312 0.050464
0.835430 2.742784 2.905781 0.020731
0.682474 1.249533 0.806642 0.232549
1.840504 2.098462 1.629231 0.687383
3.015057 0.493989 0.992177 0.025656
0.860949 1.823142 1.221650 0.535351
2.719253 1.134360 2.259528 0.114324
1.413713 0.439871 1.210930 0.218440
2.571567 0.824941 2.031416 0.143877
1.367286 0.042009 2.981032 0.008511
0.023896 1.825893 1.553542 0.076803
0.568399 2.560956 0.903955 0.080091
3.091010 2.769410 0.787317 0.008511
2.142434 2.467141 1.861363 0.252785
2.002076 1.997776 2.052872 0.482388
0.794023 1.118528 2.882991 0.067722
1.206440 1.080578 2.663903 0.181033
1.739445 2.202986 0.401412 0.159717
0.309590 1.970917 0.046085 0.012633
0.300512 0.191057 2.601250 0.008897
0.121690 0.309846 2.867959 0.002782
2.964358 0.036218 1.174554 0.007615
2.165988 2.549591 0.286411 0.049413
1.733669 2.162174 1.468586 0.632433
0.966316 0.617286 2.959989 0.031720
2.518382 1.226799 2.195543 0.223046
0.083712 0.295849 1.715393 0.021178
2.618916 0.349025 1.502597 0.062268
2.451332 1.092178 1.472725 0.317958
1.487409 3.021883 1.404809 0.109640
0.144583 1.250057 2.171202 0.067722
1.811359 0.531005 0.501493 0.094701
0.821876 1.731548 1.922575 0.482388
2.753505 2.532404 3.099104 0.005809
1.237262 1.627077 0.503608 0.280568
2.620401 2.079464 2.861046 0.034522
2.371704 2.234146 0.360026 0.076803
0.518403 2.628341 0.081196 0.010844
0.206038 1.313932 2.034942 0.114324
2.952617 1.920184 0.444758 0.024587
2.959258 1.832648 1.548827 0.105147
1.680428 1.609689 1.474034 0.979392
0.701181 2.068825 0.573094 0.135135
0.739899 2.272900 1.302110 0.247567
0.391169 1.976648 1.491443 0.205185
2.714888 1.262327 2.660658 0.059707
0.477139 1.425287 2.445499 0.146915
0.676074 0.060271 2.787258 0.009934
0.684820 0.964901 0.959866 0.252785
2.550157 0.212173 2.962035 0.004832
2.220045 1.477567 2.584846 0.205185
0.583634 2.429909 0.487688 0.058465
2.937093 1.122563 2.424118 0.057250
2.342760 1.026244 2.855458 0.060974
1.738809 2.217438 0.633868 0.247567
1.903141 1.964198 2.877127 0.107370
1.846150 0.516034 2.544057 0.116740
2.550418 0.571181 2.310162 0.069158
2.243515 2.846012 1.297958 0.119206
2.063068 1.990017 1.918658 0.524313
1.314738 2.225766 1.376442 0.594121
0.166425 2.929895 0.267761 0.003912
0.484207 1.177862 0.809429 0.156416
1.352114 0.863613 0.999336 0.462699
2.368031 2.698975 0.178543 0.017466
2.520924 2.174584 0.624549 0.098750
1.367484 2.530304 2.918394 0.057250
1.432424 1.726432 1.524873 0.959208
2.468373 0.139768 2.598003 0.013482
2.762779 2.695889 2.210150 0.031720
1.494956 1.938585 3.063517 0.072121
2.424191 2.274251 1.525587 0.263553
2.984182 2.649819 1.463755 0.035260
2.161891 1.405821 0.744070 0.298680
1.108204 2.448423 0.891894 0.247567
2.666104 2.079038 2.056657 0.135135
2.797555 0.430373 2.164349 0.031720
1.631786 0.128200 2.247006 0.072121
1.049527 1.426580 2.427986 0.338478
0.268253 1.868301 0.429662 0.043547
0.199485 2.957812 2.204091 0.010380
0.106452 1.131289 0.616373 0.035260
1.806256 2.526498 2.318002 0.205185
2.710974 1.016258 0.384449 0.046388
1.550024 0.323264 2.566507 0.062268
1.975816 0.326879 1.943360 0.140902
2.729287 1.126156 2.108342 0.150016
2.704239 1.661626 2.509025 0.096704
0.425535 2.769336 2.852151 0.006962
0.776415 0.821640 1.396616 0.304972
0.270539 2.352945 2.161130 0.059707
1.044182 2.289951 1.876216 0.360321
2.318538 0.145706 0.320559 0.011834
2.056689 2.551844 1.043247 0.170042
3.051910 2.349546 2.847567 0.008511
2.434423 2.669203 0.923273 0.076803
0.126860 0.650943 0.069220 0.005424
0.079955 0.357628 2.475494 0.010610
1.993658 2.055904 2.149897 0.434660
3.052235 0.828018 2.160782 0.029142
1.010213 1.111177 1.037701 0.434660
2.763769 2.015038 1.912449 0.140902
2.565134 1.866460 2.891567 0.041749
0.829264 2.518903 0.526884 0.069158
0.943370 1.871470 2.070204 0.416917
1.152182 2.466582 2.937545 0.051537
2.689990 0.189611 0.515339 0.011579
0.621541 2.353641 2.835548 0.036013
2.013462 1.595917 0.011849 0.066315
0.121956 2.723757 1.753965 0.026207
1.910732 0.290678 0.365881 0.043547
2.318739 3.060104 2.716914 0.011084
0.732685 1.383114 2.454825 0.181033
2.638771 2.848499 0.300196 0.011834
0.564738 0.193969 2.651836 0.014387
2.326187 1.012679 2.627736 0.129603
1.566321 0.439408 2.569281 0.080091
0.124516 1.339098 2.819388 0.020292
1.666162 2.375094 1.288317 0.434660
0.484352 0.086589 1.831357 0.033092
1.222853 2.604211 2.606117 0.088935
2.055300 0.125017 0.382288 0.020292
0.460301 1.031237 1.204110 0.205185
2.299752 2.228239 0.910713 0.232549
2.499747 1.181317 1.607257 0.345608
2.827772 2.988292 3.088088 0.001269
1.212799 2.548552 3.001214 0.038370
0.398946 2.207244 0.883719 0.105147
2.680561 0.320091 0.114606 0.005062
2.544338 0.165234 2.491038 0.022579
0.933229 2.596885 2.340834 0.114324
2.004042 2.236456 1.307369 0.492545
0.544973 0.567206 1.287348 0.116740
1.152118 0.731036 1.952962 0.338478
0.584058 1.805786 2.878412 0.054893
1.856569 2.672463 2.115842 0.163087
0.795919 2.818021 2.728239 0.027345
0.091213 1.494149 2.660514 0.027931
1.558308 0.189962 2.601305 0.047376
0.161815 2.581354 1.334171 0.044474
0.409444 0.229655 0.444339 0.009096
2.665613 0.118787 2.557551 0.008511
2.583823 1.199794 2.801235 0.054893
3.011319 1.610971 0.563390 0.043547
1.094078 1.299524 0.828087 0.425696
2.584726 1.072434 2.882393 0.038370
1.637959 1.132855 1.971465 0.659337
2.792704 0.440225 2.088399 0.036013
2.935225 1.071518 1.474973 0.121725
1.743804 2.171152 1.345721 0.594121
2.822365 2.191379 0.667425 0.059707
0.936056 1.875459 1.487549 0.569877
0.866899 1.288559 1.169893 0.535351
2.959241 1.666944 1.242021 0.096704
1.591481 1.497451 0.902944 0.645745
0.641699 0.055311 0.301122 0.008142
1.397390 2.902033 1.746124 0.143877
1.728205 1.650680 2.314761 0.535351
1.609859 0.196428 1.227549 0.132340
0.283001 1.389400 1.464705 0.192732
2.005847 2.458278 1.697347 0.311398
0.953711 1.817877 1.695955 0.673214
0.617989 2.053185 0.257786 0.056059
1.137858 0.124247 1.121665 0.073649
3.033219 0.824234 2.902069 0.008897
0.759928 0.413785 2.306950 0.078430
2.626586 2.631470 1.191929 0.088935
1.126872 2.376444 0.310838 0.075210
2.947235 0.336904 1.586690 0.029142
2.541604 1.699567 1.597323 0.383571
2.321974 3.031827 2.233960 0.040024
0.135257 0.808351 1.238138 0.054893
2.307093 2.800983 2.548363 0.042638
3.089319 2.813325 1.281898 0.014701
2.460640 0.033710 1.648649 0.031720
1.890618 1.094879 0.414234 0.181033
1.550819 1.415871 1.125751 0.795272
0.768228 2.441031 2.834060 0.051537
2.989160 1.391881 2.267639 0.060974
1.677161 2.840349 1.032532 0.140902
1.756144 2.037322 1.578278 0.762826
2.811865 2.093926 2.423847 0.067722
0.733881 2.381531 1.253879 0.209512
1.514586 1.905866 1.519913 0.882546
0.474364 2.764656 0.256053 0.011834
1.741611 2.392950 2.810889 0.090817
0.430371 0.516268 1.293661 0.075210
1.064567 1.045888 0.223393 0.088935
1.708470 2.583412 1.503182 0.311398
1.108795 1.252647 0.097063 0.085287
1.965820 0.953272 0.549066 0.188751
0.399154 2.955670 1.577576 0.027931
3.042214 1.185405 1.324072 0.092739
0.607997 1.651855 2.575096 0.121725
2.846970 2.378185 1.234125 0.081787
0.354968 1.457549 1.699302 0.247567
2.117788 3.092087 0.301903 0.011329
0.298665 1.122873 0.611696 0.062268
2.332050 1.365642 0.678894 0.258113
0.442317 3.088526 0.825362 0.011084
2.995353 2.669892 1.556148 0.027931
2.285862 2.904803 0.992120 0.060974
0.205704 0.186819 2.745437 0.005180
1.994755 2.369170 0.070608 0.042638
0.485630 1.782486 1.557588 0.298680
1.392450 1.543017 0.548354 0.311398
1.658132 2.328506 0.333053 0.107370
0.160488 1.472387 0.231460 0.022102
2.913413 1.613476 0.946422 0.096704
0.236932 0.227699 3.092678 0.001307
1.889787 1.558944 0.334785 0.173630
0.124390 2.724769 2.487780 0.010610
1.374620 2.488942 0.476981 0.121725
2.879725 0.959492 0.941321 0.070624
2.168751 1.395393 2.908329 0.094701
0.816586 0.440188 2.962628 0.015350
0.844981 1.908821 1.634482 0.492545
1.080146 1.911399 0.499994 0.227748
1.193381 2.155492 0.960608 0.416917
1.983476 2.448907 2.180114 0.247567
2.337509 0.731162 1.857666 0.232549
3.025075 0.453461 1.991259 0.028530
2.140115 1.137218 0.988425 0.434660
2.009537 1.764288 1.236247 0.673214
1.389517 0.509679 2.261020 0.173630
0.740135 3.054105 1.577926 0.038370
1.134045 2.404636 0.117779 0.042638
0.499344 2.342004 0.100700 0.019442
2.318796 1.160680 1.478134 0.492545
2.207972 2.197034 0.431112 0.105147
1.893753 1.129973 1.632411 0.716622
1.090713 0.166199 1.583379 0.121725
0.160608 0.272797 1.962471 0.023562
2.834336 1.171430 1.475985 0.173630
2.643768 2.540794 2.049590 0.100838
2.408671 0.627114 2.109245 0.135135
1.427105 2.980638 1.224093 0.096704
1.582347 0.400630 2.710803 0.063589
0.633821 1.358640 0.647415 0.150016
2.730812 0.028859 0.261996 0.003555
0.620618 1.493239 0.641121 0.153182
2.899966 0.164806 1.076593 0.017845
1.603332 1.593091 1.638038 1.000000
1.382615 2.455099 3.045319 0.042638
0.605206 2.377239 1.472145 0.184852
2.126719 2.051713 0.946411 0.345608
2.875986 3.043852 2.907773 0.001990
1.047065 2.675090 0.513906 0.058465
2.060186 0.467178 2.080990 0.170042
1.204951 2.054240 1.960095 0.524313
1.463175 1.649674 1.049191 0.731704
2.217647 2.459312 2.512377 0.098750
1.431716 1.533710 1.395181 0.959208
0.454529 0.789951 2.650373 0.044474
0.901499 0.057972 0.324620 0.013778
0.579266 0.057320 2.655919 0.010610
2.027817 0.736315 1.660754 0.375659
1.221999 0.361605 1.644666 0.223046
0.903582 2.152649 1.094322 0.338478
0.596664 0.852527 2.997800 0.027931
1.957421 0.040403 0.872590 0.042638
2.692406 1.438918 2.272624 0.137989
0.433060 1.039294 0.780528 0.102970
0.612724 1.502524 0.587951 0.153182
3.046579 1.168331 0.103024 0.010610
2.481321 1.556376 0.206215 0.058465
1.904029 2.928342 3.084846 0.010380
2.035612 1.095152 2.577341 0.209512
1.720725 1.985559 1.748109 0.778880
0.580604 2.117455 0.981457 0.209512
1.611507 1.555365 0.320378 0.196797
1.715127 2.709193 0.764406 0.137989
0.492760 2.071785 2.043329 0.188751
0.491401 2.999002 0.184206 0.004832
0.369887 2.359390 1.517090 0.119206
1.208797 0.071563 0.433636 0.024587
0.010992 1.799183 2.682115 0.019030
0.296190 0.568126 2.398234 0.036013
2.141400 0.266052 2.249003 0.092739
2.057142 1.486949 1.329087 0.687383
2.283326 2.833907 2.658235 0.027345
1.694050 0.269980 2.419188 0.090817
0.015427 2.693379 1.480591 0.020292
0.422278 2.912483 0.172515 0.005180
1.556933 1.354839 2.135399 0.716622
1.518113 1.450298 2.115896 0.731704
2.723700 2.031933 2.688441 0.051537
1.569015 0.963225 0.206014 0.109640
2.479482 1.508143 0.224707 0.058465
2.138606 1.957233 0.435881 0.150016
0.118469 2.248928 1.148204 0.058465
0.378149 0.806892 1.003347 0.102970
1.247068 1.365534 2.088497 0.632433
0.098225 0.628749 0.143669 0.004402
0.488000 0.018221 1.172412 0.022579
2.968426 2.473871 3.070247 0.003072
1.188936 1.235682 0.295926 0.153182
0.019130 2.760066 2.619812 0.004613
1.684247 2.449330 1.128441 0.375659
2.670654 2.548358 0.220508 0.014387
1.458851 3.033437 1.344218 0.105147
1.548125 1.101481 1.584341 0.812008
0.444296 0.727741 0.146168 0.012910
2.109064 2.481487 2.293152 0.159717
2.591847 3.061327 1.746686 0.025116
2.127502 2.459964 0.314535 0.056059
0.024351 2.908904 1.162588 0.010380
0.548809 0.365403 0.327261 0.015350
2.528355 2.059312 1.644250 0.286480
1.139039 0.287730 2.291599 0.088935
1.455860 0.541770 0.480872 0.100838
1.729531 1.648860 2.433812 0.462699
0.748271 0.575840 0.689699 0.087092
2.995401 1.384384 1.024846 0.080091
2.452108 2.219953 1.237521 0.223046
0.951966 1.007739 0.459295 0.170042
1.539165 1.640711 0.047114 0.081787
1.615437 1.489479 0.526589 0.317958
2.826161 1.428709 1.851589 0.170042
2.084281 0.138998 0.788797 0.045421
1.354341 2.167875 0.908749 0.408318
0.754972 1.863745 2.448567 0.232549
2.175571 0.109447 2.795903 0.013778
1.716186 3.073755 0.747010 0.037568
2.254542 2.224479 2.901541 0.053751
1.321604 1.816862 2.300442 0.492545
2.334434 2.964681 1.075186 0.050464
2.313103 0.234530 0.246013 0.012095
0.213602 0.487920 2.107146 0.034522
1.775170 0.868747 1.290477 0.569877
2.646104 1.287343 0.989921 0.218440
2.709015 1.548693 2.068491 0.184852
1.038531 1.636331 2.626145 0.232549
1.022399 1.888718 2.044962 0.524313
1.123854 2.763661 2.752536 0.031056
3.007786 0.002659 2.244502 0.005424
0.791800 2.664596 2.313583 0.078430
0.143877 2.185160 0.730392 0.033800
0.693074 1.053423 0.816348 0.213930
0.690644 1.995832 0.544171 0.121725
0.713983 0.713399 0.907012 0.143877
1.154482 2.231539 0.174363 0.085287
1.532410 1.294805 1.153446 0.829096
0.015235 0.956673 2.283421 0.033092
0.236522 1.730362 1.574540 0.146915
1.120320 2.422775 2.194978 0.247567
3.059703 2.515163 0.752777 0.017466
2.396407 2.742248 1.104511 0.096704
2.569727 3.086857 2.911165 0.003387
2.861959 2.190286 3.024043 0.010380
0.369201 0.295134 2.617093 0.015350
0.237264 0.328182 1.402256 0.028530
2.776274 0.835475 2.619976 0.034522
0.331723 1.172484 2.652110 0.043547
1.656880 2.784294 0.184436 0.028530
1.765532 2.934610 1.895770 0.124297
0.540661 2.114467 1.842191 0.218440
1.476598 0.900504 2.868305 0.096704
0.242777 1.889331 2.024203 0.107370
3.044910 1.163850 2.724445 0.024587
1.775721 1.247307 1.545069 0.829096
1.230019 0.438835 2.487146 0.087092
0.051612 0.275619 0.816525 0.011834
1.826066 0.115228 0.538087 0.033092
1.596136 1.663150 2.637823 0.311398
0.465583 3.055068 1.162240 0.022579
1.544308 0.496748 1.652593 0.311398
2.945505 2.198254 0.068688 0.010380
2.256239 2.799705 2.423696 0.051537
1.171159 0.878752 1.630393 0.569877
2.575156 1.625155 2.185186 0.205185
1.963679 0.008062 3.066580 0.004946
1.917759 2.086470 2.559854 0.205185
2.223389 2.010963 2.345737 0.292516
1.602258 1.449816 0.153415 0.146915
0.961591 2.567598 1.191724 0.205185
0.792355 0.401699 1.325958 0.132340
1.701810 2.490932 0.193206 0.057250
0.089183 1.760402 0.082859 0.011329
0.681589 0.772233 1.212154 0.232549
1.438371 0.785355 2.614698 0.173630
1.074064 2.414366 2.157908 0.247567
0.596900 0.458607 0.370254 0.031056
0.355346 2.189568 0.919613 0.105147
2.337078 0.581428 2.030085 0.177293
2.114833 2.550127 2.363786 0.109640
2.165763 1.209577 0.474718 0.181033
2.754649 2.699211 0.875256 0.031720
2.977013 3.050233 0.952329 0.006219
1.030722 1.370730 2.178295 0.462699
0.324007 0.037769 2.754045 0.002646
2.735911 1.399385 3.022770 0.027345
2.916461 1.508875 1.820888 0.140902
2.639488 3.065459 3.086223 0.001600
1.727122 0.891808 1.394540 0.619396
0.794391 1.074777 1.047027 0.331495
1.977873 0.114798 0.946075 0.058465
0.928446 2.216150 2.924952 0.062268
1.296955 1.940504 0.656757 0.391649
2.878635 1.220752 0.105301 0.014387
2.284149 0.209670 0.146170 0.008897
1.230434 0.633937 1.681803 0.338478
2.395195 1.386341 0.428373 0.116740
0.981744 1.113253 2.353270 0.280568
0.951008 0.625282 2.856586 0.042638
1.513637 0.227969 1.328034 0.140902
0.100839 0.477160 0.267666 0.006507
2.851008 2.042155 1.073906 0.098750
0.788177 0.835244 2.593167 0.098750
0.456819 1.810947 0.654533 0.140902
3.012558 1.664313 2.945049 0.016026
2.886331 1.423335 0.227984 0.021635
1.626251 2.584017 2.764772 0.062268
0.018725 2.293374 1.248972 0.040024
2.047710 0.973728 0.676895 0.280568
1.500521 2.905521 0.929984 0.096704
1.572457 2.229456 0.551322 0.252785
0.435849 1.962449 2.167561 0.132340
1.299181 0.039779 1.809371 0.072121
2.647211 2.011942 0.174950 0.038370
0.914546 0.942062 0.456263 0.132340
2.518490 0.769126 2.658444 0.054893
0.881902 2.024087 1.982763 0.425696
0.961410 0.913528 1.163371 0.416917
1.584530 2.132908 1.822776 0.687383
1.192692 2.798507 0.774343 0.096704
2.471255 2.852336 0.577769 0.022579
2.722470 1.417052 1.860067 0.218440
1.178452 2.967738 2.321992 0.054893
0.438864 1.811989 1.095514 0.192732
2.749634 2.530357 0.045892 0.007615
1.811421 0.808899 1.967285 0.425696
2.029399 0.500208 2.250756 0.143877
2.982335 2.264086 0.098344 0.006507
2.569489 0.602384 3.054210 0.009718
1.791258 0.946314 2.444729 0.286480
0.369399 0.962373 1.349102 0.173630
0.736331 0.805092 2.687758 0.066315
3.016306 0.694459 3.072965 0.003820
1.447775 1.397270 2.173217 0.619396
2.439401 1.787249 0.844780 0.247567
2.395152 2.740447 0.061676 0.012910
2.277168 2.832261 0.844211 0.060974
0.788176 2.120196 1.873448 0.360321
0.572634 1.308610 1.322538 0.345608
0.206741 0.062060 0.142922 0.001346
1.964554 0.086404 0.699586 0.042638
0.614345 1.669253 2.227580 0.247567
1.126495 1.853799 1.513825 0.716622
1.649001 2.848226 2.221787 0.126922
2.184902 2.341274 0.178646 0.053751
1.281905 0.899616 0.022883 0.049413
0.820669 0.279953 2.868106 0.016026
2.609215 2.644942 1.993803 0.081787
2.781107 2.449089 1.840017 0.087092
2.346159 2.362071 1.792562 0.247567
0.874986 1.433484 3.017985 0.070624
0.976609 1.084495 2.497647 0.232549
1.587862 0.164760 0.403665 0.037568
1.203029 1.588915 1.114063 0.716622
2.127407 1.340841 2.436168 0.324656
2.409032 1.439637 0.453915 0.146915
0.601019 0.249518 3.041009 0.006080
0.350916 2.665867 1.504294 0.063589
2.675158 0.029018 0.521851 0.006080
0.656844 2.244398 0.141178 0.033800
0.567280 2.478081 2.216163 0.098750
1.098100 1.864580 0.940280 0.462699
2.777721 1.803476 0.718430 0.087092
1.046509 1.592875 1.276634 0.687383
1.569639 1.605607 1.295455 0.939440
1.481822 1.062547 0.900501 0.524313
0.776484 0.877843 0.160807 0.053751
1.556959 0.673669 0.919712 0.304972
0.930997 0.764034 1.758980 0.338478
2.566928 1.186405 1.933625 0.247567
0.195609 1.313747 0.733420 0.066315
1.916607 1.923555 3.045920 0.087092
2.311182 2.605480 0.934975 0.114324
1.893784 1.539720 2.185404 0.569877
1.129112 0.687561 2.554621 0.121725
2.701176 0.341369 1.586413 0.049413
2.796929 1.008292 2.838089 0.027931
1.975125 0.003665 0.147769 0.006962
2.147414 1.435349 3.061471 0.058465
2.013061 0.044277 0.038426 0.004946
1.627468 1.406133 1.751400 0.920080
0.021636 2.328310 2.173508 0.029142
1.794537 0.405456 1.259489 0.223046
2.939501 2.177577 0.603298 0.037568
3.035227 0.006396 2.703687 0.001787
0.175132 2.934380 1.766125 0.020731
2.986040 2.731842 1.728948 0.027345
0.887699 2.242955 0.980954 0.304972
2.122911 0.744942 3.081681 0.027931
1.984398 0.540591 2.855295 0.038370
2.496177 0.533299 0.109261 0.013482
1.836752 0.156011 2.617948 0.044474
3.012259 2.898013 1.753751 0.015350
1.083120 2.373390 0.457429 0.121725
0.795758 2.894994 2.076547 0.060974
1.693580 0.402849 1.212528 0.218440
0.005648 2.703449 2.023668 0.016375
2.590132 1.204736 2.752387 0.054893
1.715160 2.205759 1.111309 0.513502
0.716342 2.191207 2.606960 0.096704
1.413976 1.460262 2.254333 0.546621
2.926280 0.994139 2.061290 0.080091
1.341948 1.350367 0.519940 0.292516
2.677855 0.481440 1.077325 0.064938
2.447752 2.914989 0.088581 0.007447
2.560543 1.195888 0.041774 0.022579
2.384902 0.962586 1.693149 0.338478
0.727252 0.036020 1.353862 0.037568
2.358225 2.783243 2.422451 0.043547
1.690314 2.329906 1.970197 0.443813
0.336077 2.082322 0.950125 0.105147
0.362618 2.780043 1.225301 0.043547
0.940815 1.290375 1.440617 0.594121
1.768412 1.111466 2.212483 0.492545
1.828585 1.696102 3.030530 0.102970
2.774745 2.031568 2.834602 0.031056
0.435883 2.128537 1.446711 0.181033
2.204998 1.220668 0.789413 0.317958
2.926975 1.028402 0.371116 0.027345
0.357918 0.829793 0.829912 0.078430
1.196347 2.084995 0.376188 0.163087
1.302471 2.400667 2.522594 0.173630
1.639018 1.411453 2.429271 0.462699
0.358567 1.315314 1.913934 0.209512
0.665983 1.207258 0.542964 0.132340
2.755235 2.891792 2.085466 0.021178
0.793816 0.160432 0.204755 0.012095
0.689042 0.576238 1.806441 0.173630
1.111278 2.663024 0.916816 0.132340
1.984504 2.197492 2.757918 0.102970
0.106878 1.345179 0.955949 0.076803
1.766389 1.199084 2.016917 0.673214
2.782892 2.091519 0.964056 0.105147
2.753199 0.725573 1.086977 0.075210
2.431344 0.023741 1.933655 0.033800
2.628332 1.410558 2.141253 0.227748
1.155893 2.980602 1.703718 0.096704
0.188834 0.857195 1.091878 0.078430
0.514312 2.365445 0.932635 0.096704
0.341384 1.142828 2.897681 0.023562
1.934872 2.888147 0.765874 0.073649
2.909183 2.013723 2.059585 0.088935
2.862222 1.290315 1.378888 0.137989
2.630288 1.624421 1.004134 0.232549
0.242719 2.869141 0.567818 0.008325
1.482964 1.522167 2.195196 0.645745
3.094580 2.963758 2.419851 0.003820
2.407285 1.460366 0.237245 0.070624
1.648026 1.070426 0.643461 0.317958
0.848130 2.208696 1.354164 0.352888
2.152313 1.445333 1.974480 0.513502
2.810065 2.514953 2.237023 0.049413
2.753147 0.505815 2.685040 0.015350
1.464117 1.592918 2.482802 0.391649
3.041333 2.026731 1.798208 0.085287
2.058641 0.825813 2.273487 0.227748
1.003036 1.117419 2.783881 0.116740
3.065733 1.317881 0.920551 0.049413
3.004976 1.741602 1.681399 0.107370
2.216041 2.595604 0.492833 0.064938
1.375222 2.960517 0.089434 0.011834
1.414902 0.798533 0.091689 0.060974
0.148122 0.884693 2.734078 0.017845
0.023625 3.050991 0.138046 0.000204
2.077950 1.679050 2.807856 0.140902
0.665826 1.845221 1.506052 0.443813
2.554428 2.981067 0.927073 0.022579
2.265465 0.595357 0.530967 0.069158
1.268826 0.980528 1.624316 0.687383
2.190167 1.073436 2.991304 0.058465
1.396237 2.138137 1.330196 0.673214
1.972363 0.968191 2.266029 0.331495
1.920254 2.652478 2.280441 0.124297
0.004952 1.078912 1.825707 0.062268
3.081598 2.708435 2.877805 0.002580
2.199213 2.016298 1.386463 0.513502
1.352303 0.350415 0.422707 0.062268
2.972636 1.280051 0.964795 0.076803
0.893366 2.465805 0.189471 0.037568
1.092041 2.012787 2.776648 0.129603
1.151399 1.155234 1.671887 0.762826
2.339326 1.461656 0.453866 0.177293
0.434743 2.768146 0.066215 0.005062
2.283431 1.436125 1.919835 0.482388
0.542350 2.706954 0.932712 0.051537
1.032194 2.202903 0.859957 0.304972
2.885622 2.100275 1.172089 0.096704
2.982543 1.875892 0.752787 0.054893
1.133456 3.060724 2.151169 0.042638
2.072292 1.721383 3.009670 0.080091
2.364824 2.226000 0.486706 0.096704
2.445400 1.148352 1.408440 0.375659
2.686041 0.900471 1.745707 0.159717
0.218743 1.615710 2.091449 0.109640
1.109945 2.484058 2.311864 0.177293
1.149103 0.080315 0.235673 0.013193
3.049026 0.154392 1.461070 0.016375
2.124536 0.461784 2.228751 0.150016
0.253008 1.183652 1.161513 0.153182
0.708023 1.714637 0.003013 0.037568
1.448755 2.808870 0.434249 0.048384
1.986096 1.090695 2.342253 0.367910
1.414488 0.110905 1.015616 0.080091
0.302888 0.288037 0.514945 0.011834
1.778552 0.730541 1.548675 0.443813
0.982306 2.613954 0.634847 0.090817
2.825144 1.218625 2.851258 0.025656
2.090325 2.631482 2.434767 0.109640
1.695822 2.909572 0.852719 0.094701
2.849541 0.622875 0.224802 0.011084
1.508546 1.361017 0.924676 0.632433
1.110791 2.023428 0.972884 0.482388
0.250201 0.539701 2.603101 0.019442
1.288460 0.560124 2.793845 0.072121
0.646716 1.464723 1.431378 0.383571
0.085228 1.179578 2.189337 0.063589
1.616958 1.930255 0.538977 0.280568
1.000174 2.732869 2.165921 0.119206
0.441831 0.739293 1.985224 0.096704
1.029110 2.375105 0.194952 0.051537
1.781768 2.815759 1.655493 0.181033
2.660985 0.448407 1.292121 0.059707
2.943658 2.938930 2.587203 0.006656
0.594704 0.390453 2.886956 0.014387
2.399815 2.749234 2.652904 0.029767
1.321948 1.731016 1.523721 0.920080
2.798187 2.690482 2.004735 0.040024
1.789226 2.639414 0.731572 0.140902
0.583725 0.878122 0.919443 0.163087
1.207114 1.963240 1.838128 0.673214
2.055058 1.528503 2.420932 0.345608
2.969929 2.746593 2.624453 0.008511
1.530110 2.540253 1.322803 0.367910
0.568126 1.349895 3.031043 0.040877
0.021581 0.540166 2.357579 0.011834
1.198863 2.258589 0.975118 0.360321
2.822172 2.167832 1.662561 0.124297
2.673688 3.078120 1.394369 0.019863
2.547655 1.942555 1.214562 0.304972
2.270327 0.302317 0.494854 0.034522
1.208392 0.569365 1.403123 0.338478
1.055891 3.043464 0.255692 0.017466
0.387758 1.731164 0.590988 0.096704
1.136758 1.296850 2.060479 0.558128
2.809911 1.162072 0.882414 0.111958
1.641805 0.166464 0.183629 0.022102
3.036038 1.846028 0.765018 0.058465
0.460187 1.140901 0.838339 0.143877
1.674280 2.807762 1.583157 0.192732
1.894275 1.253262 1.987115 0.673214
2.180256 2.994766 0.409971 0.017845
2.044365 1.700075 0.862195 0.513502
2.292347 0.840936 1.556693 0.311398
0.325932 1.290921 1.053543 0.150016
2.980382 0.736495 0.699208 0.024587
0.984863 3.082921 3.089679 0.004402
2.642108 0.100558 1.388156 0.034522
0.273087 1.117003 2.106291 0.116740
0.949160 1.421094 3.085523 0.051537
0.824931 0.998764 1.679549 0.399897
3.062214 0.132298 0.864792 0.005424
1.462375 0.914225 0.902688 0.416917
2.589788 0.643108 3.058342 0.009718
1.700876 2.576815 0.818526 0.173630
0.561271 3.090628 1.750679 0.029767
0.805353 2.046217 2.066963 0.331495
1.830831 1.004801 0.506721 0.218440
0.634633 2.693233 0.123360 0.010610
0.275530 2.328201 2.472949 0.042638
2.196534 1.677959 0.735749 0.298680
1.497224 2.308046 0.056629 0.062268
2.236843 3.097851 1.731504 0.051537
2.792729 1.837764 0.444478 0.046388
2.978939 2.250501 0.811433 0.034522
0.766570 3.038723 1.148957 0.050464
2.937654 3.000900 0.452725 0.004832
0.505016 0.456459 0.854382 0.064938
1.517577 0.249202 1.554165 0.150016
1.969351 0.373528 1.085789 0.166529
2.026425 1.457857 0.585662 0.317958
0.448803 2.125431 1.535072 0.184852
2.924378 0.963916 2.821579 0.021178
2.993606 1.174517 0.951450 0.072121
2.445151 2.497751 1.455723 0.184852
0.049482 2.092215 2.252361 0.033092
0.509164 2.992811 0.969311 0.025656
0.266666 1.928415 0.494781 0.054893
0.608055 0.624362 2.894339 0.022579
0.591501 3.001610 3.069641 0.003072
0.057331 0.500966 0.988221 0.025656
2.177499 0.484904 2.100523 0.150016
1.511097 1.721247 0.768888 0.546621
0.898644 2.704261 2.189577 0.105147
0.994921 0.701242 2.096273 0.252785
0.256729 1.107399 2.258760 0.088935
0.971224 2.206314 0.553370 0.184852
0.995641 0.135358 2.662117 0.020292
1.551652 1.909427 0.160975 0.132340
2.659961 1.740518 2.219155 0.159717
0.894248 1.620278 0.467594 0.205185
2.569965 2.626315 2.574755 0.031720
2.042704 2.197615 2.345918 0.292516
1.105581 0.154182 0.327156 0.023562
1.969759 1.762244 1.087034 0.619396
1.790397 1.490567 0.784257 0.524313
1.508729 2.933482 0.623106 0.058465
0.090496 1.997208 2.347203 0.050464
0.994889 2.206841 2.504006 0.184852
0.392648 2.370327 3.037101 0.012910
1.452053 1.880389 1.015405 0.645745
1.316594 0.766093 0.108094 0.058465
0.454754 2.535481 2.415830 0.058465
2.137640 2.344175 0.597300 0.159717
0.530224 2.732376 1.611687 0.080091
2.554887 2.148199 2.567431 0.073649
2.507549 2.025668 1.572085 0.317958
0.517586 0.093316 1.384131 0.034522
2.365772 1.279338 1.265618 0.416917
0.292380 2.129065 1.714427 0.140902
0.740214 2.157350 1.397604 0.298680
0.266897 2.037979 0.584024 0.062268
2.851911 0.194229 2.141517 0.016026
2.519461 1.172287 2.040715 0.280568
2.188631 2.328846 3.093354 0.029142
3.086834 1.202773 2.932936 0.010380
0.910525 2.031398 2.690210 0.132340
2.314759 0.679123 2.215079 0.170042
2.346342 1.361106 2.574361 0.173630
2.030748 2.963850 3.073426 0.006962
0.337795 1.580720 0.620483 0.076803
1.591792 0.809454 2.313869 0.311398
2.458079 2.164178 1.563277 0.252785
1.102271 2.343357 0.715114 0.213930
2.137223 1.085903 0.266548 0.116740
1.778064 1.768052 1.354640 0.864357
1.366320 1.640539 0.863356 0.632433
1.303430 0.759741 2.333889 0.292516
0.399708 0.938415 2.263890 0.090817
1.870024 0.872048 2.031878 0.462699
3.032029 2.846318 2.030191 0.017466
2.450801 0.460264 0.253572 0.024069
0.104174 0.458120 0.867260 0.022579
1.034980 2.557690 0.638232 0.090817
1.798415 2.098550 0.853881 0.443813
1.705233 0.257140 1.372166 0.188751
0.641427 1.998675 0.973257 0.232549
1.832445 1.913090 1.897457 0.731704
1.585437 0.217224 1.867587 0.132340
2.942863 1.505655 1.115307 0.121725
2.084075 2.922367 2.245124 0.070624
0.811706 1.483692 1.295070 0.524313
2.549742 2.691952 1.415001 0.096704
0.889736 2.886593 2.203697 0.062268
0.741394 0.388389 1.286756 0.111958
0.838472 0.312244 2.494503 0.042638
0.196069 1.507949 1.921780 0.132340
1.606670 2.600057 1.296415 0.298680
1.355129 0.086758 0.462636 0.034522
0.163599 2.577786 2.125077 0.034522
0.845740 0.764591 0.228347 0.046388
2.321901 1.912495 0.160171 0.073649
0.480662 0.804164 1.201790 0.156416
0.528527 2.516105 3.075190 0.009718
2.085359 1.608223 2.553370 0.232549
0.938676 1.588868 1.981897 0.524313
1.283784 0.124315 2.043385 0.085287
2.878740 2.169626 0.845028 0.053751
1.562196 0.846457 0.391918 0.140902
1.929971 1.798757 2.529041 0.324656
0.742746 2.417846 0.749233 0.105147
1.554466 0.873199 0.851809 0.416917
2.979587 0.285008 2.812633 0.003820
1.828439 0.754913 1.305838 0.492545
0.502107 3.027070 0.264283 0.006507
2.656108 1.728268 0.564597 0.096704
0.174013 1.143201 1.955513 0.098750
1.464910 0.683379 1.082515 0.383571
1.142184 1.947900 3.046470 0.080091
0.592979 1.564664 1.466681 0.391649
0.807274 2.391960 1.295227 0.247567
2.638841 1.537467 1.016834 0.232549
2.119102 2.190060 1.255407 0.443813
0.085396 0.478823 1.033474 0.025656
0.336518 1.267382 2.406365 0.087092
1.898626 0.000142 0.082594 0.007615
0.622667 2.262708 0.881738 0.140902
0.190209 0.865721 1.186760 0.085287
1.322339 2.958252 2.794111 0.020292
0.989431 1.380051 0.340305 0.140902
0.866868 2.402264 0.848298 0.170042
2.863385 2.011057 1.364127 0.119206
0.407282 2.029518 1.982664 0.166529
1.857510 1.312862 2.482635 0.324656
0.707147 0.213003 1.778223 0.066315
2.916684 0.838768 2.799571 0.016026
0.099559 1.783684 3.036509 0.011329
0.752456 1.620119 1.409981 0.546621
1.199304 0.227555 0.705211 0.062268
1.461039 0.668288 0.602315 0.184852
1.065197 0.778805 0.487990 0.143877
1.635870 1.983329 0.234095 0.121725
2.716315 2.418942 1.048907 0.087092
0.763353 2.047907 0.643381 0.177293
1.090746 2.193237 2.261963 0.292516
1.513979 0.523659 2.461486 0.124297
0.599026 1.839938 0.787432 0.205185
1.991694 2.753803 2.131303 0.116740
1.883378 0.871829 2.084609 0.416917
1.919754 1.889147 1.871421 0.687383
0.225522 1.855332 0.867392 0.085287
0.937023 0.814266 2.138785 0.263553
2.627410 0.813688 0.499509 0.056059
1.375343 0.636702 2.680117 0.096704
1.266615 1.558420 0.230132 0.140902
2.636441 1.015386 1.548180 0.232549
1.303077 0.475643 1.177325 0.263553
0.878987 1.915748 0.521061 0.181033
0.606851 0.518169 2.392326 0.058465
1.448479 0.578541 2.052053 0.280568
2.614800 2.773078 1.271753 0.058465
1.127277 0.368683 2.052275 0.150016
1.656890 1.563231 2.774195 0.192732
0.889935 2.763638 1.075840 0.102970
3.083373 0.912077 1.062319 0.042638
1.080573 2.202276 0.087120 0.058465
2.212810 1.404180 1.101140 0.513502
1.265228 0.319283 1.885718 0.163087
2.604043 0.076992 1.727802 0.034522
2.599595 0.602068 1.923687 0.109640
2.273634 2.580090 1.457047 0.177293
3.063190 1.451647 2.952676 0.008702
0.315941 2.026173 1.247328 0.140902
1.433369 1.498388 1.338804 0.920080
1.082319 1.788120 1.704193 0.747103
1.556582 2.398788 1.312838 0.443813
2.264440 2.396918 1.088065 0.213930
2.165631 2.295619 2.471201 0.140902
1.479755 1.904682 2.366288 0.416917
0.192558 2.070614 1.748808 0.107370
2.381976 2.396672 0.174793 0.033092
0.576588 2.735150 2.485006 0.038370
1.046797 2.491712 1.792608 0.269107
1.593484 0.310334 0.697268 0.092739
1.815225 0.010017 0.125762 0.008142
2.795770 1.918923 2.269411 0.096704
0.144684 0.182032 0.631577 0.006080
0.329646 1.736838 1.167645 0.170042
0.852233 3.074361 2.207036 0.033800
0.170419 1.929460 1.618379 0.132340
0.901261 2.455717 3.076232 0.020292
1.202321 1.802884 0.782587 0.462699
1.484722 0.098080 0.476279 0.035260
1.291700 2.168365 2.145793 0.443813
0.454240 2.397794 0.407099 0.037568
2.324955 2.459898 1.823562 0.205185
2.728224 2.111410 0.323321 0.036013
0.211851 0.457855 2.364383 0.022102
2.228626 0.258748 1.567889 0.126922
0.606924 2.125617 2.048909 0.232549
2.614240 0.198295 0.216583 0.006656
0.885383 0.284865 2.834705 0.024587
1.152576 1.242830 1.971221 0.632433
3.096055 0.157285 2.651437 0.002580
2.645786 3.081871 2.213620 0.016375
2.003621 2.967288 0.914909 0.058465
2.746649 1.062416 0.875016 0.132340
0.763472 0.567748 0.998703 0.159717
0.913477 3.060880 0.959744 0.038370
1.645362 1.697834 2.487357 0.383571
0.992223 2.446121 0.273257 0.067722
2.281681 0.824085 2.746759 0.078430
1.799525 0.047662 2.573977 0.024069
1.340567 1.565393 3.036726 0.105147
1.703403 2.276710 0.451971 0.173630
2.061925 1.243468 2.606163 0.205185
1.799343 0.410575 0.566262 0.092739
1.271337 2.488749 1.726813 0.360321
2.111990 0.120845 1.784264 0.076803
2.015402 2.214764 0.715457 0.247567
2.579422 2.153899 0.605586 0.080091
0.313056 0.602263 0.292445 0.014701
1.667358 1.622008 2.669454 0.247567
1.776786 2.634940 2.189770 0.192732
0.863581 2.928998 2.399102 0.045421
1.773480 2.288128 1.998339 0.425696
0.758351 1.031201 0.606488 0.159717
1.697686 1.038618 1.577375 0.716622
0.943068 1.311542 0.849766 0.338478
0.898018 0.885488 2.914553 0.062268
1.624920 1.362979 0.029476 0.080091
0.514725 1.180575 0.017638 0.022579
2.597550 0.068160 1.322856 0.033092
0.711440 1.392744 2.949541 0.069158
1.924121 2.391290 2.234026 0.269107
0.401749 1.708226 0.496822 0.078430
0.237012 2.035747 0.154755 0.017845
0.388579 1.739952 1.791415 0.232549
1.963542 1.348956 0.195690 0.114324
2.813185 1.209735 0.188897 0.025656
0.816080 1.568364 0.033736 0.045421
2.413591 2.978168 0.596407 0.020292
1.159870 1.871516 0.634834 0.304972
1.060016 0.355506 1.087003 0.166529
0.782019 1.514763 1.542154 0.558128
1.594599 2.577203 3.097117 0.025656
0.535324 1.616552 1.668675 0.311398
1.043332 2.327195 0.400259 0.102970
1.345610 0.315610 2.514949 0.072121
0.134754 1.452135 2.693571 0.027931
1.223735 0.540218 1.443820 0.274778
2.281266 0.264899 2.735281 0.027345
3.070746 0.412911 1.586930 0.020292
1.101863 2.272834 1.574128 0.453158
2.004892 1.355176 0.452913 0.252785
1.448381 2.618838 2.804414 0.060974
1.000463 0.211327 2.335893 0.060974
1.574193 0.070259 2.446175 0.052632
0.481892 0.836139 1.782552 0.166529
1.810665 1.632862 1.586889 0.939440
2.664582 1.747590 0.670260 0.116740
2.771464 1.297474 0.763404 0.102970
2.908961 2.485743 0.439785 0.014387
0.547615 2.706477 2.273343 0.044474
2.687310 0.796300 2.304562 0.078430
2.221810 2.768103 2.267526 0.070624
1.530497 1.518701 1.134805 0.812008
0.284647 0.127964 2.556625 0.006507
0.667725 2.643657 1.166154 0.132340
1.774431 2.718163 1.500239 0.237451
2.755221 1.623558 0.136006 0.021635
1.717014 2.396074 2.763507 0.090817
2.751382 1.365193 0.725370 0.090817
0.352477 2.051532 1.841622 0.173630
1.027789 1.726447 0.840873 0.399897
1.967876 0.119486 1.830657 0.085287
2.726990 1.635443 2.850810 0.037568
2.985859 2.761852 3.065782 0.001269
2.502511 2.982222 2.855350 0.006080
0.714756 2.164945 2.217632 0.196797
0.811023 1.614423 0.630009 0.218440
1.428628 0.989824 1.618675 0.716622
1.150298 0.067494 1.812889 0.092739
0.539468 0.080756 2.752166 0.006507
2.980426 1.578983 2.140581 0.081787
1.741526 3.086719 0.646034 0.031056
0.853461 1.409017 1.851555 0.558128
1.878702 0.280635 0.316859 0.033800
2.154177 0.062598 1.604357 0.072121
2.979989 2.371594 0.256077 0.009934
1.166153 0.117817 0.101840 0.010610
1.265864 1.413728 2.792357 0.181033
0.208559 1.892026 0.567252 0.051537
2.257030 0.879108 1.717928 0.352888
1.874617 0.180061 0.992672 0.096704
1.430901 1.819113 0.006477 0.075210
0.520582 2.941666 2.815784 0.008897
2.286873 0.875498 2.315445 0.200948
2.079279 0.836282 0.630290 0.159717
2.654862 0.454692 2.419754 0.037568
0.720207 0.449319 2.718159 0.029767
2.330997 1.694032 2.432940 0.258113
2.066513 0.206275 1.744019 0.107370
0.531712 0.564690 2.763414 0.024069
1.783223 0.796411 1.117967 0.425696
2.417478 0.428346 1.835236 0.111958
2.496505 0.481747 2.711614 0.031056
0.940950 1.708480 3.033790 0.070624
2.404659 1.879479 1.878789 0.367910
3.042329 2.269261 2.124590 0.045421
2.679016 1.288847 2.258847 0.132340
2.848451 0.263487 0.474515 0.011834
1.999940 0.286425 0.902385 0.102970
1.474929 2.218733 2.197656 0.416917
0.892949 2.404796 1.274206 0.286480
0.014786 2.752732 0.383492 0.003555
0.718612 0.381381 2.886987 0.017466
2.439278 1.774320 1.586363 0.443813
0.693184 0.206336 0.121706 0.007447
2.261850 0.153940 0.690315 0.039188
1.989184 2.554525 0.970150 0.188751
1.750561 0.097156 0.846557 0.058465
1.544601 1.408891 1.287806 0.920080
0.834373 1.924715 2.041750 0.399897
2.580309 1.258346 1.662547 0.292516
1.105994 1.839038 0.549600 0.242457
2.459065 1.123634 2.384567 0.150016
1.829170 2.236357 0.327355 0.119206
0.329560 2.307494 1.646710 0.109640
0.449891 3.004152 1.194680 0.024587
1.518798 0.710675 2.289652 0.263553
0.807833 0.353094 2.084892 0.102970
2.628474 1.499912 1.282905 0.298680
1.888109 1.004814 0.803688 0.360321
1.661387 0.402091 0.974749 0.181033
2.424338 2.184615 0.572230 0.119206
1.305348 1.475810 1.652055 0.920080
0.154853 0.492478 1.395310 0.046388
1.859826 2.928008 0.069452 0.014387
2.161911 2.692500 0.574810 0.063589
1.016171 2.734823 2.019827 0.150016
1.639663 1.347841 0.708626 0.443813
1.394692 2.359687 1.932168 0.408318
0.952789 3.023167 1.288479 0.076803
2.475089 1.612269 1.759041 0.367910
0.495696 2.673398 2.235320 0.051537
0.714269 2.061117 1.947080 0.304972
1.265162 0.264865 1.523489 0.184852
2.009939 1.779293 0.790399 0.425696
0.345719 1.355510 2.326489 0.107370
1.725756 2.071252 2.045627 0.581873
0.228268 0.099676 1.891982 0.014387
1.470039 1.269602 0.571854 0.367910
0.826852 1.964927 2.256203 0.252785
0.752641 2.000388 0.105233 0.050464
0.468027 1.904751 0.232348 0.041749
1.810439 2.926373 0.304982 0.027345
3.061485 0.856720 0.863318 0.033800
0.765952 3.074984 1.914046 0.040024
1.810096 0.024491 1.005064 0.056059
1.366441 0.436402 2.076570 0.181033
0.008654 0.871269 2.178951 0.033800
1.560425 1.006103 0.012643 0.059707
0.075312 2.252175 1.586994 0.062268
2.101542 2.228411 0.587331 0.184852
1.716677 0.707459 2.158859 0.298680
2.501272 2.667732 1.375743 0.096704
2.755229 0.668466 1.733077 0.090817
0.973336 1.157901 2.166717 0.416917
0.071601 1.698858 2.132268 0.080091
2.793622 2.357377 1.304922 0.087092
1.089747 3.022538 1.619929 0.090817
1.702155 0.025802 2.312606 0.044474
2.978942 2.129305 0.305349 0.015684
0.692097 0.683319 0.648761 0.087092
2.890678 1.336303 0.939668 0.090817
0.867564 0.829153 0.421617 0.090817
2.733477 0.666923 1.151716 0.105147
0.536470 0.304815 3.058407 0.004613
1.493389 2.840532 0.959309 0.143877
2.700824 1.020316 0.957217 0.135135
3.051047 2.783046 1.123367 0.012633
1.834875 0.063585 0.555434 0.040877
1.046783 1.762865 2.700383 0.173630
0.197001 0.996982 2.031911 0.088935
0.519052 1.047471 1.687489 0.227748
2.759680 2.189297 0.124788 0.013778
1.993099 1.723884 1.038369 0.581873
1.820587 2.607288 0.968956 0.218440
3.051142 1.542995 2.248831 0.052632
1.608362 1.586973 2.948106 0.150016
1.728587 0.421935 1.944830 0.218440
2.746312 0.510948 2.267331 0.044474
1.186318 0.795666 0.966090 0.360321
1.150374 1.392993 1.544471 0.864357
0.719063 2.846107 2.915329 0.013482
1.015414 0.816276 1.093003 0.331495
0.786025 1.170086 1.088941 0.399897
2.764082 1.487276 2.418150 0.092739
2.201381 0.449919 2.663958 0.040877
1.800352 2.789516 0.148835 0.020292
2.899273 0.608009 1.786654 0.054893
0.615976 3.095011 2.955021 0.003072
2.032096 1.447055 0.483559 0.252785
1.460651 2.068681 1.045514 0.535351
0.481127 0.025204 2.748440 0.006080
0.315326 0.664683 1.883759 0.081787
0.013530 0.955317 0.314497 0.011329
0.349762 2.375915 0.551839 0.036013
1.906873 0.957328 0.762851 0.360321
0.127657 1.542995 0.461626 0.035260
2.409865 2.204915 0.744038 0.143877
2.940399 1.426586 2.692047 0.036783
2.981960 1.690855 1.679903 0.107370
0.077804 0.331000 2.392485 0.009934
0.910537 2.382490 2.389239 0.143877
2.745891 2.501880 2.446447 0.046388
2.170628 1.123615 2.833749 0.102970
0.645591 2.565327 0.517612 0.039188
2.834824 1.455128 2.949033 0.029142
0.704843 2.859886 1.673735 0.069158
2.954924 1.888432 0.999210 0.072121
0.111815 0.492624 1.729619 0.034522
1.631073 0.427856 0.494783 0.080091
2.961474 1.586927 1.312636 0.105147
0.479293 2.729988 0.649311 0.031056
1.538857 0.482552 1.456647 0.317958
1.618298 1.089220 1.367689 0.795272
0.914250 0.797788 1.479575 0.360321
2.306582 1.278573 1.568823 0.524313
1.950441 1.426308 1.902649 0.701850
2.198291 1.127445 0.233703 0.078430
1.336832 2.466170 0.028270 0.029767
2.782898 2.085441 2.257480 0.080091
2.087362 0.223255 2.779679 0.021178
2.228674 0.096982 2.217685 0.046388
0.907401 2.439302 2.063661 0.223046
1.620799 2.189147 1.596097 0.645745
1.455068 2.150703 0.430734 0.163087
1.419757 1.879899 2.514097 0.338478
1.455033 0.024639 2.526379 0.031720
1.153213 2.946811 0.948037 0.085287
1.822914 0.510247 1.319523 0.280568
0.172519 0.716913 2.171625 0.045421
2.541488 1.992334 1.592517 0.317958
1.293302 0.160027 0.201473 0.020731
1.245775 2.511318 1.806675 0.324656
1.903126 0.119237 0.441352 0.024587
2.106273 1.331269 0.560345 0.269107
2.440847 0.410846 0.651293 0.056059
0.379844 0.386142 2.635927 0.019863
1.098967 0.936974 0.382019 0.132340
2.403722 0.963253 1.093115 0.280568
0.439251 2.465930 0.933437 0.063589
2.366366 0.363544 2.902799 0.017466
1.514384 1.088714 0.334357 0.159717
2.713013 1.131324 2.787312 0.040024
0.752111 0.218000 1.872840 0.073649
0.004240 1.196292 0.637758 0.027931
1.887217 0.806583 3.012661 0.054893
3.037180 2.526807 1.213111 0.038370
1.205752 1.490505 1.593151 0.882546
3.020566 1.492726 2.392807 0.052632
1.280306 0.963409 1.925772 0.606627
1.890183 1.623251 2.925366 0.132340
0.938557 1.524314 1.583188 0.645745
0.834958 2.034037 0.699779 0.213930
2.351059 2.484198 1.411188 0.181033
3.000094 0.984075 2.749228 0.020292
1.106590 2.381419 2.645208 0.121725
2.289858 0.064304 0.071911 0.006507
1.295647 0.982742 0.135370 0.076803
0.894036 1.726746 1.267591 0.594121
1.297075 0.741824 1.181210 0.391649
2.624256 0.110874 0.051996 0.003470
0.541761 0.177305 2.123437 0.034522
0.127160 2.783508 1.456949 0.021635
0.860064 2.892106 2.663515 0.024069
2.568329 2.375126 2.392577 0.070624
1.709420 1.933901 1.721754 0.846543
2.268159 1.586165 2.953449 0.062268
0.364362 1.365507 2.445609 0.116740
2.360349 2.345502 2.661481 0.066315
2.652591 1.141561 0.562367 0.080091
0.718423 0.938905 2.206331 0.196797
2.509749 2.851677 0.482256 0.018232
2.451807 2.460666 0.372315 0.038370
0.692188 1.800209 2.418455 0.209512
1.203402 2.270490 1.972600 0.399897
0.245510 0.888471 2.963827 0.010380
1.762266 1.804251 1.391416 0.864357
2.973138 2.757672 0.203946 0.002782
0.438695 1.222567 0.894763 0.143877
0.634551 1.715778 2.549954 0.150016
2.773393 2.780339 0.119089 0.003820
1.711418 2.367289 0.809274 0.258113
1.239433 2.147993 2.090704 0.472441
0.394635 1.675233 0.981425 0.181033
2.560400 2.777053 0.588302 0.024069
2.089202 0.476977 0.297819 0.045421
1.822789 1.948170 0.117987 0.092739
0.843164 0.387199 0.397773 0.035260
2.972430 1.754779 2.488064 0.040877
1.344270 2.611170 2.619516 0.094701
1.230252 1.868666 2.156108 0.502914
0.047569 0.099937 2.998885 0.000484
1.892953 2.485463 2.397623 0.163087
1.156523 1.163838 1.347123 0.731704
2.332185 0.130946 1.029011 0.045421
1.106611 2.074689 1.223385 0.524313
3.004048 3.072831 2.906477 0.000836
2.846653 0.504091 2.899662 0.008897
3.069227 1.505163 0.993208 0.059707
0.948206 1.398705 2.345217 0.352888
2.607134 1.572503 2.723665 0.080091
2.791983 2.013471 1.351485 0.156416
0.024861 0.420858 2.480519 0.007615
3.076468 1.568449 0.935539 0.052632
2.659422 0.359644 0.876973 0.040877
0.425823 2.055384 2.034222 0.150016
0.097528 0.584412 0.060260 0.004402
1.112256 0.590328 2.500744 0.124297
0.947851 1.794839 2.331274 0.338478
1.515825 1.856688 1.370450 0.864357
0.458584 1.354065 0.242899 0.046388
1.212309 2.503291 1.741934 0.338478
0.037039 0.884899 1.402122 0.051537
0.009657 1.466040 2.562456 0.025656
0.981284 0.999855 0.846647 0.298680
0.935032 1.708611 2.838744 0.124297
0.560684 1.609504 1.862453 0.345608
2.808851 0.023858 2.510028 0.005809
1.872644 1.093205 0.299515 0.140902
0.678914 1.286298 2.935039 0.066315
1.049934 0.597496 1.280337 0.269107
2.476275 3.044948 0.696284 0.020292
0.225820 1.963144 2.635790 0.038370
2.268919 0.746853 0.948169 0.170042
0.380097 1.664966 0.064377 0.027345
1.498823 0.793036 0.178522 0.083519
2.613283 1.746668 2.574807 0.098750
2.751547 0.840089 0.417011 0.027345
0.569297 0.177492 2.632811 0.018232
0.641958 0.541096 1.655735 0.121725
1.842220 3.034348 0.557975 0.040877
0.407732 0.711573 2.788237 0.023065
3.040854 1.206274 0.632459 0.038370
1.376971 1.759379 0.215744 0.137989
2.458563 1.779684 1.215896 0.324656
1.635948 0.784622 0.184022 0.083519
1.303819 2.893250 0.569433 0.054893
1.543398 2.424890 0.694666 0.223046
2.504935 1.604520 2.262838 0.218440
0.040533 0.197703 0.546730 0.003387
1.833607 0.371937 2.358603 0.111958
2.123560 0.228151 2.634761 0.034522
0.666043 1.882895 0.170775 0.062268
2.304110 0.788834 2.594351 0.098750
1.974587 2.703981 2.315290 0.114324
0.054204 1.965138 2.753587 0.017466
0.918261 2.119278 1.741557 0.462699
1.827869 2.400920 1.440189 0.434660
0.193811 0.905312 2.153559 0.062268
1.714698 2.773798 2.957353 0.021178
2.761679 1.569877 2.112852 0.143877
1.896758 2.390640 2.400653 0.196797
2.374713 0.076083 0.115842 0.005424
0.409403 0.836341 2.052722 0.102970
2.064562 1.019139 2.748950 0.135135
0.870469 1.412178 2.449917 0.298680
2.379845 1.343994 2.854619 0.066315
0.253527 1.589471 0.925733 0.126922
2.980160 1.569705 2.509126 0.043547
1.730170 1.415029 2.096380 0.701850
1.350596 1.513393 1.564966 0.979392
2.632648 2.920821 2.067166 0.034522
0.267741 2.337102 1.429855 0.107370
2.244314 0.856781 0.324850 0.081787
2.851248 2.574439 2.758722 0.008897
1.965923 0.558626 0.642831 0.124297
1.485847 2.469602 0.187777 0.058465
1.789053 0.073054 1.611737 0.105147
2.675214 1.665039 0.661074 0.116740
1.918691 1.896367 2.323825 0.434660
1.407999 1.328999 2.699751 0.232549
0.459863 1.371469 1.426829 0.304972
1.891672 1.137448 3.059714 0.058465
2.466541 0.588587 2.587663 0.048384
2.730355 0.178582 2.461356 0.014387
1.575840 0.140801 1.301953 0.105147
1.679814 1.026597 0.929863 0.462699
1.868209 1.480774 2.191507 0.569877
0.196978 0.617139 0.275948 0.011084
0.025893 1.461988 0.489215 0.025656
0.398080 1.717809 0.254604 0.048384
1.494215 1.294847 1.751693 0.882546
1.754330 1.277675 2.354336 0.416917
0.493076 0.147225 1.108842 0.028530
1.855279 2.310028 2.929661 0.073649
0.069415 2.643440 0.559415 0.013482
2.818490 2.141410 2.883100 0.021178
1.329532 1.049674 2.744342 0.173630
0.191865 2.138693 1.118727 0.088935
2.598228 0.931169 1.182845 0.181033
1.454049 0.026029 1.059141 0.066315
0.085584 0.570359 1.414259 0.042638
1.517443 2.321490 3.029575 0.062268
1.270108 0.971265 0.733991 0.324656
0.281316 2.008633 0.961811 0.116740
0.239679 2.987035 2.801846 0.002782
0.943875 2.222962 1.519904 0.416917
2.054675 0.461542 2.738429 0.058465
0.912391 0.706913 1.914222 0.269107
0.673693 2.926820 2.172382 0.045421
0.620611 1.485155 1.794017 0.367910
2.747415 3.006113 1.083155 0.022579
0.670337 0.267258 3.052827 0.007120
1.570979 1.642032 1.462327 1.000000
1.822420 2.498823 2.931125 0.054893
1.992261 0.955277 0.449482 0.150016
0.208505 0.834925 2.483689 0.032399
2.278917 2.738373 1.481424 0.140902
2.653629 1.824302 1.510191 0.237451
2.612276 0.956284 0.518003 0.073649
1.251251 0.925990 1.165087 0.535351
2.708516 1.432084 0.241963 0.036783
0.437502 2.993479 2.558970 0.008511
2.953677 2.563620 0.527190 0.010844
1.930988 1.971354 0.872703 0.462699
0.671931 2.063656 1.219700 0.304972
3.064993 0.587253 1.782860 0.029767
0.690729 0.730827 2.242235 0.143877
0.093480 2.798475 2.168909 0.013778
1.639499 1.633583 1.089479 0.812008
1.989610 1.766669 2.837711 0.150016
2.696753 2.519268 3.064535 0.007615
1.941502 0.438297 1.730548 0.218440
1.246384 1.017336 2.646308 0.205185
0.219165 2.742795 2.961080 0.003730
2.958071 1.713910 0.969227 0.080091
2.946423 0.126445 1.844901 0.015350
0.710605 1.825982 1.868175 0.391649
1.140176 2.332248 2.486445 0.177293
1.931496 1.845524 1.950326 0.673214
2.908888 2.370665 0.436325 0.017466
1.788310 1.084093 2.657161 0.192732
2.849486 1.168957 1.852141 0.153182
2.890399 2.186989 1.016963 0.070624
2.393504 2.392599 1.354958 0.218440
1.816248 1.741938 1.663331 0.901118
1.284045 2.719958 2.346961 0.132340
2.643286 2.274279 0.175029 0.026207
2.022944 1.447152 1.773148 0.747103
1.423238 0.515986 0.507334 0.098750
1.159972 3.061235 1.658625 0.070624
1.540938 0.598483 2.842438 0.076803
2.614802 2.049090 3.018354 0.028530
0.215849 2.998159 2.436153 0.007447
3.037849 1.847583 2.582096 0.033092
2.649124 0.778688 0.389357 0.044474
0.970239 0.831231 2.241813 0.263553
1.230364 0.193793 2.648542 0.041749
0.897761 2.038067 0.926811 0.338478
0.110967 2.577004 0.097905 0.003470
0.517958 1.009657 0.503593 0.073649
1.867147 2.700027 1.149435 0.181033
1.381245 0.493247 0.180035 0.046388
1.125837 0.271635 1.272539 0.150016
1.471130 1.081962 2.804338 0.159717
2.524174 1.303084 0.112057 0.040877
0.254994 0.182129 0.743798 0.013482
0.260942 2.045605 2.376714 0.075210
0.730658 1.639894 2.156389 0.304972
0.955452 2.972724 0.005864 0.006219
2.856178 2.734585 1.778247 0.035260
1.267734 2.429819 0.770463 0.247567
0.081059 0.398656 1.873014 0.024587
0.255452 0.925708 0.935619 0.081787
0.305899 0.679094 1.677688 0.090817
2.561601 3.093879 2.720832 0.006080
2.183872 0.059933 2.482755 0.027931
0.443770 1.008830 1.863503 0.163087
1.573941 1.208544 1.111963 0.716622
1.485589 0.539626 2.200773 0.205185
3.008715 1.456446 0.001562 0.008702
0.026252 2.247056 3.068400 0.003820
3.046983 1.751717 0.404679 0.026207
1.055106 1.322509 2.845795 0.150016
1.516434 2.899086 2.504583 0.058465
2.401249 1.247619 1.900148 0.367910
0.310734 0.118980 1.929640 0.019030
1.961751 0.629324 1.488503 0.317958
1.158868 0.497540 0.081890 0.031056
1.120369 1.464345 2.917585 0.121725
2.810183 2.550149 0.314856 0.011834
1.328024 2.355123 1.938203 0.391649
1.919657 1.621225 2.268052 0.492545
1.395470 1.606416 1.576830 0.979392
0.021275 2.630316 0.173881 0.003387
1.186381 1.740089 2.395901 0.408318
2.164322 1.463328 0.376792 0.163087
1.332223 0.582294 2.443457 0.173630
2.794601 1.054590 1.851968 0.140902
1.815077 0.044060 0.208269 0.011084
0.994563 1.759698 0.373876 0.173630
2.392745 0.497051 0.665856 0.070624
2.536188 0.598600 2.320414 0.085287
0.378800 1.243399 0.155203 0.033092
0.874390 2.167710 0.153224 0.062268
1.879046 1.268245 1.135696 0.673214
2.353180 0.505680 2.343433 0.083519
0.741363 2.199006 2.829788 0.059707
3.020657 1.578295 1.555855 0.111958
0.288476 0.961738 1.092894 0.116740
2.133547 1.187758 2.895453 0.096704
2.524891 2.744378 1.883344 0.087092
0.694282 2.844550 2.306071 0.051537
1.525898 0.006588 1.781223 0.076803
0.662068 1.393738 2.626762 0.146915
2.661126 2.761170 0.063311 0.005062
0.420863 1.183913 2.329761 0.124297
1.330705 1.088487 1.826894 0.716622
1.234182 2.353005 2.461214 0.163087
2.023723 2.476751 2.801292 0.062268
2.110883 0.497900 0.758003 0.129603
1.322651 1.370840 2.136099 0.673214
1.844777 0.624260 2.745662 0.092739
2.388354 0.389680 1.074612 0.096704
0.623942 0.421062 0.629700 0.038370
2.250430 2.357387 0.189546 0.039188
2.407205 1.057864 1.613848 0.383571
1.126348 2.601065 2.055678 0.188751
1.945384 2.781724 2.457799 0.067722
2.296293 2.491537 2.154418 0.140902
2.918313 1.700600 2.110828 0.107370
0.722795 0.827130 1.289536 0.247567
0.019332 1.683665 0.764993 0.044474
2.829060 1.496280 2.647133 0.062268
1.944273 1.081161 2.936137 0.107370
1.570033 1.501813 3.091004 0.081787
1.376294 2.116383 2.039860 0.581873
1.241432 3.058732 2.803049 0.013778
1.653791 1.451676 0.767548 0.546621
0.135735 1.325849 1.231660 0.092739
0.897968 2.161382 0.273398 0.081787
3.091412 2.971218 0.735495 0.003820
1.286288 3.047263 0.848999 0.058465
2.199163 1.194100 1.118911 0.462699
2.268954 3.035584 0.503126 0.019442
0.932298 2.395129 0.341993 0.059707
2.376341 0.801041 1.434727 0.258113
2.912857 1.881906 1.633188 0.132340
0.011720 1.130777 1.896329 0.058465
1.464762 1.993843 3.013311 0.090817
1.742839 0.716445 0.238200 0.069158
1.926043 1.681274 0.093746 0.096704
0.935416 0.839906 1.717188 0.352888
2.016517 2.021042 2.216813 0.425696
2.810859 1.288332 0.664765 0.087092
3.001390 1.126859 2.916171 0.013193
1.128413 2.238711 3.014026 0.058465
2.642633 1.119137 1.210421 0.227748
0.054015 1.746077 2.043493 0.088935
0.518764 1.953483 0.581235 0.100838
2.600545 1.987648 2.694452 0.064938
2.535806 0.866565 1.642026 0.252785
1.586508 1.633547 0.952408 0.731704
0.921450 2.901625 2.610341 0.030404
1.043488 0.935485 1.308735 0.443813
0.119353 0.375642 0.286073 0.005062
0.317896 2.536134 2.471829 0.029767
2.121180 0.012616 1.259414 0.056059
2.933989 0.660962 1.657298 0.069158
0.205011 0.752619 1.454653 0.083519
1.912273 0.523024 2.863407 0.041749
1.918439 0.622010 0.091831 0.038370
1.614226 0.182098 0.759666 0.083519
0.436331 2.034501 1.203046 0.181033
1.048048 3.026883 1.472828 0.081787
2.853816 2.409107 0.661340 0.033092
1.901674 2.610655 0.328459 0.054893
3.094086 2.910034 2.380045 0.005300
1.723174 1.992051 2.656802 0.200948
1.424400 1.883522 2.634289 0.274778
2.826412 0.500836 0.630172 0.024069
0.156148 2.762396 2.308396 0.016026
0.859522 0.408643 2.860459 0.024069
2.113162 3.005293 3.051074 0.006219
2.741193 0.974642 0.006523 0.014701
1.687835 1.655289 2.924370 0.143877
2.548964 2.770323 1.446915 0.075210
2.677224 1.696532 1.119800 0.200948
1.146526 2.899398 2.142609 0.088935
1.810682 1.565370 1.750797 0.882546
2.714889 2.567485 1.483234 0.080091
0.126975 0.567677 3.014243 0.004402
1.326677 0.719970 1.881684 0.391649
2.692696 0.389118 0.541310 0.019863
2.293065 1.656826 0.614234 0.213930
2.232570 0.726511 2.082805 0.223046
2.478832 2.866546 1.196172 0.051537
1.035994 1.084853 2.437488 0.280568
0.947858 1.202254 1.531681 0.569877
0.588266 2.255881 0.988065 0.159717
0.513185 2.255843 1.464615 0.177293
1.385053 1.895324 2.063515 0.632433
2.653848 1.997758 0.731940 0.096704
3.052882 0.606130 3.024702 0.003072
1.515944 0.708051 1.962121 0.383571
0.859291 0.583063 0.944053 0.163087
0.280413 2.562723 0.065402 0.006507
1.816454 1.294263 2.185017 0.569877
1.659331 2.630171 2.538290 0.121725
2.381557 3.080812 1.487259 0.038370
0.354416 2.846033 2.301305 0.027345
0.299421 1.638061 3.004159 0.021635
1.452427 2.587056 2.823798 0.062268
0.247665 2.103254 2.484800 0.042638
2.054843 1.411541 2.876202 0.107370
0.748252 0.424538 0.692789 0.056059
0.138577 2.694730 2.915159 0.003730
2.192360 0.103840 2.901654 0.010380
2.977434 3.099846 2.203747 0.005424
2.160806 1.970434 0.719975 0.247567
0.108252 1.583210 2.745309 0.027931
2.325083 0.202869 2.632821 0.026207
0.918709 1.842520 1.358364 0.594121
1.106690 1.117020 1.846838 0.619396
2.475618 3.032390 2.259870 0.024069
1.469792 1.837400 2.930243 0.140902
1.769929 2.355475 1.454383 0.443813
2.367639 1.726095 2.856674 0.069158
1.491481 1.570080 0.879101 0.645745
1.939963 0.412241 0.432799 0.056059
0.092817 2.336868 1.726314 0.060974
1.889552 0.638145 1.811109 0.324656
0.283843 2.339323 2.135721 0.080091
1.371697 1.990953 1.017277 0.581873
2.603807 1.105878 1.572722 0.258113
3.095317 2.202951 1.476129 0.052632
2.150207 2.681114 1.349842 0.153182
2.227442 1.547648 1.420124 0.632433
1.134187 0.279352 0.539367 0.050464
0.271783 1.660208 0.264803 0.037568
0.481143 2.528251 3.024611 0.013482
1.281040 1.020847 2.895035 0.102970
1.801931 0.939233 1.014859 0.443813
2.316282 1.932631 0.524882 0.156416
1.296531 1.565919 1.393477 0.920080
1.833219 2.672655 0.188267 0.035260
1.333889 2.351256 2.192773 0.286480
2.225956 2.452326 0.683393 0.119206
0.273561 0.117443 2.436743 0.009934
2.235364 0.378247 2.045622 0.132340
2.293536 2.330231 2.814350 0.060974
1.085213 0.365882 0.710205 0.096704
0.091346 1.461952 0.349366 0.021635
2.653029 2.191256 0.642427 0.063589
2.112876 0.246866 1.166220 0.096704
2.556094 1.559299 0.064553 0.035260
1.634622 0.106720 2.385559 0.052632
1.041356 0.561907 1.715764 0.280568
1.241142 2.883821 2.163713 0.085287
1.273031 0.992715 1.529128 0.687383
2.079445 0.206922 3.045209 0.011834
2.510280 1.887238 3.080954 0.027931
1.389880 1.524383 0.265351 0.192732
2.811304 0.417576 0.253625 0.009299
0.691786 2.863114 0.412173 0.017466
2.967267 2.656829 2.399383 0.012910
0.819845 0.357387 2.036022 0.114324
2.599153 2.231022 2.282470 0.114324
0.302040 1.034556 0.964270 0.105147
0.396862 1.931874 1.790247 0.209512
1.800544 0.785428 1.441211 0.513502
0.734872 0.648024 2.963551 0.020292
0.228519 1.075300 2.355935 0.057250
2.202748 0.077948 1.707276 0.070624
2.770275 0.773778 1.016972 0.080091
0.917131 0.329298 1.943672 0.111958
2.654736 2.743435 1.295794 0.059707
1.212791 0.441752 0.123370 0.024587
1.473300 1.458835 1.903812 0.882546
2.604035 1.161928 1.882363 0.247567
1.743771 1.582132 2.898441 0.146915
1.407514 2.674226 2.372006 0.116740
0.894509 2.358407 0.860533 0.196797
1.029296 2.828733 0.673593 0.067722
2.065643 2.662753 1.682035 0.181033
1.050915 1.759046 1.042509 0.558128
1.992995 2.729745 1.741635 0.200948
0.580595 1.504147 1.791486 0.367910
1.849486 2.267558 2.172870 0.338478
1.061554 2.984082 0.644978 0.035260
3.081287 1.043415 0.620055 0.023065
1.927422 2.356484 0.053111 0.046388
2.279876 2.426713 0.495288 0.083519
1.673993 1.611587 1.709395 0.959208
3.047581 0.343976 0.698855 0.009934
0.842743 1.911636 2.810786 0.096704
0.012304 2.785278 0.458812 0.004613
2.813305 0.001766 1.974063 0.012633
2.934479 2.971727 2.039987 0.013193
2.428199 2.280951 0.800862 0.146915
2.906924 0.004881 2.590936 0.003387
1.550912 0.318870 1.488162 0.196797
1.996218 2.791650 1.272759 0.150016
2.262935 1.644879 2.387112 0.263553
0.527878 1.160159 1.804822 0.263553
3.058237 0.171203 2.013757 0.009506
2.958571 0.735167 0.139521 0.005424
2.151875 2.829437 1.632112 0.126922
1.695783 0.099245 0.237609 0.016026
1.763366 1.477020 3.095032 0.076803
0.228308 0.435849 0.535580 0.011579
2.008718 2.844566 1.147554 0.129603
0.273904 2.646664 1.385916 0.060974
1.017045 2.808181 1.409277 0.140902
2.724171 0.430700 2.927295 0.009096
1.195631 2.834046 1.498579 0.173630
1.026690 1.924133 0.617334 0.252785
1.506823 0.247784 0.928776 0.096704
1.197057 1.153226 2.919909 0.116740
1.699342 2.354767 0.604112 0.181033
1.231609 0.778129 0.508731 0.156416
1.993313 1.032407 2.389068 0.280568
0.920094 2.449258 2.221253 0.196797
1.458352 0.224132 0.389027 0.037568
3.013813 2.624335 2.868531 0.004832
2.056690 2.060917 0.486275 0.170042
1.946744 0.146422 1.477232 0.098750
0.979885 1.135863 2.459314 0.232549
0.215627 2.921681 0.909522 0.014079
1.459631 0.852036 0.510387 0.205185
0.387197 0.044537 2.579276 0.006080
2.173375 1.414500 3.094431 0.051537
2.355327 1.259404 1.122858 0.360321
1.682212 2.737554 2.955646 0.027345
0.889569 2.905780 0.062056 0.010380
0.040628 0.266381 1.522603 0.015684
1.561543 0.223543 0.546747 0.047376
2.099161 1.529075 0.027509 0.059707
0.797163 0.230163 2.232063 0.053751
2.669152 1.653422 0.673235 0.116740
0.833517 1.073133 2.044019 0.367910
2.084390 0.522132 1.906713 0.205185
2.084406 3.000706 2.853174 0.011834
2.308288 0.657732 2.375631 0.124297
2.174677 2.168831 1.129197 0.338478
0.709766 2.217153 1.833350 0.286480
2.264746 1.127669 0.575271 0.177293
2.581408 1.857748 2.670010 0.070624
2.928373 0.889974 2.340103 0.053751
2.295070 1.910416 2.314202 0.274778
2.247981 0.126495 0.130181 0.007615
1.894492 0.495140 1.467248 0.280568
0.142090 0.272559 0.342641 0.003820
0.488717 2.004507 3.017536 0.028530
1.823647 0.322724 1.906532 0.163087
2.287825 0.001830 1.243345 0.040024
2.053248 1.589730 1.275164 0.687383
0.731696 1.666303 0.198562 0.069158
2.062093 0.311509 1.907432 0.126922
0.951321 0.184602 1.182599 0.096704
0.615874 1.095911 2.353495 0.150016
2.790821 2.687080 1.370806 0.048384
1.905662 2.340412 0.571695 0.192732
2.251856 2.983076 1.957506 0.050464
0.928398 1.171660 0.727340 0.269107
2.533279 2.889867 2.749097 0.014387
2.928576 0.913869 0.593759 0.037568
0.292092 1.770890 1.055797 0.150016
2.629276 0.381354 2.776251 0.015350
1.023695 0.240805 2.572390 0.034522
0.949553 0.315382 2.266259 0.070624
2.958829 1.819842 1.313604 0.098750
0.044090 1.899984 2.142908 0.052632
0.080667 1.016684 1.997508 0.066315
2.826556 2.223078 2.212603 0.081787
1.405901 1.523645 1.772788 0.920080
0.843005 2.756600 2.852977 0.016026
0.532561 0.573614 1.793718 0.116740
2.662619 2.628883 0.517757 0.025116
0.815375 0.421299 2.497085 0.054893
2.456278 2.340606 0.630039 0.085287
0.988519 1.619364 0.740141 0.345608
1.551022 2.507664 2.146244 0.286480
1.882258 1.142900 0.215481 0.107370
1.209764 1.635095 2.511944 0.345608
2.369948 0.327059 0.473809 0.029142
0.637104 0.898694 0.738613 0.119206
2.561502 1.188617 2.111467 0.205185
1.786204 2.247138 2.555767 0.192732
1.231449 1.678280 0.984170 0.632433
0.403084 1.520248 2.643017 0.080091
3.032823 1.557436 2.084639 0.081787
1.471741 2.038707 2.771114 0.159717
1.744360 2.766641 1.149700 0.156416
2.119076 0.862709 0.177754 0.070624
2.262409 1.857591 3.059193 0.040024
1.842597 1.159405 2.609521 0.263553
2.954862 1.740488 1.679144 0.107370
2.376529 1.426591 1.245255 0.408318
0.669243 0.995412 0.314740 0.067722
2.792494 2.982498 2.882417 0.002782
2.392279 1.607594 2.170626 0.304972
0.279379 2.227940 0.153438 0.018627
1.605720 1.941395 1.071856 0.716622
0.979623 1.581709 1.361402 0.716622
1.103335 2.213909 0.709077 0.247567
0.614391 2.899307 0.585095 0.022579
0.041875 0.868012 2.911305 0.007447
0.577744 1.005517 2.338851 0.159717
1.173093 2.294927 0.183885 0.073649
2.389462 1.293624 0.284166 0.087092
0.119219 1.281687 1.772237 0.098750
0.652506 2.716240 0.789735 0.066315
0.424879 2.423722 0.474215 0.037568
1.890777 2.772818 1.848625 0.163087
2.159816 0.483663 0.990933 0.150016
1.438026 0.780381 1.387670 0.535351
0.519080 1.552717 1.160305 0.280568
2.359520 2.636710 2.458661 0.058465
0.708595 0.557065 1.776593 0.173630
1.666933 1.764310 0.057739 0.102970
1.211870 2.304159 2.605288 0.156416
2.617222 1.397112 0.411142 0.078430
0.758726 2.066830 1.021771 0.298680
1.375449 0.727567 0.782912 0.258113
